<code_scheme name="Kotlin, tabs, No Wildcards copy" version="173">
  <option name="CLASS_COUNT_TO_USE_IMPORT_ON_DEMAND" value="99" />
  <option name="NAMES_COUNT_TO_USE_IMPORT_ON_DEMAND" value="99" />
  <GroovyCodeStyleSettings>
    <option name="CLASS_COUNT_TO_USE_IMPORT_ON_DEMAND" value="99" />
    <option name="NAMES_COUNT_TO_USE_IMPORT_ON_DEMAND" value="99" />
    <option name="PACKAGES_TO_USE_IMPORT_ON_DEMAND">
      <value>
        <package name="java.awt" withSubpackages="false" static="false" />
        <package name="org.gitlab.api" withSubpackages="true" static="false" />
        <package name="org.gitlab.api.models" withSubpackages="true" static="false" />
        <package name="javax.swing" withSubpackages="false" static="false" />
      </value>
    </option>
  </GroovyCodeStyleSettings>
  <JavaCodeStyleSettings>
    <option name="CLASS_COUNT_TO_USE_IMPORT_ON_DEMAND" value="99" />
    <option name="NAMES_COUNT_TO_USE_IMPORT_ON_DEMAND" value="99" />
  </JavaCodeStyleSettings>
  <JetCodeStyleSettings>
    <option name="PACKAGES_TO_USE_STAR_IMPORTS">
      <value>
        <package name="kotlinx.android.synthetic" withSubpackages="true" static="false" />
        <package name="io.gitlab.arturbosch.grovlin.GrovlinParser" withSubpackages="true" static="false" />
      </value>
    </option>
    <option name="NAME_COUNT_TO_USE_STAR_IMPORT" value="2147483647" />
    <option name="NAME_COUNT_TO_USE_STAR_IMPORT_FOR_MEMBERS" value="2147483647" />
    <option name="CONTINUATION_INDENT_IN_PARAMETER_LISTS" value="true" />
    <option name="CONTINUATION_INDENT_IN_ARGUMENT_LISTS" value="true" />
    <option name="CONTINUATION_INDENT_FOR_EXPRESSION_BODIES" value="true" />
    <option name="CONTINUATION_INDENT_FOR_CHAINED_CALLS" value="true" />
    <option name="CONTINUATION_INDENT_IN_SUPERTYPE_LISTS" value="true" />
    <option name="CONTINUATION_INDENT_IN_IF_CONDITIONS" value="true" />
    <option name="WRAP_EXPRESSION_BODY_FUNCTIONS" value="0" />
    <option name="IF_RPAREN_ON_NEW_LINE" value="false" />
    <option name="CODE_STYLE_DEFAULTS" value="KOTLIN_OFFICIAL" />
  </JetCodeStyleSettings>
  <XML>
    <option name="XML_LEGACY_SETTINGS_IMPORTED" value="true" />
  </XML>
  <codeStyleSettings language="kotlin">
    <option name="CODE_STYLE_DEFAULTS" value="KOTLIN_OFFICIAL" />
    <option name="CALL_PARAMETERS_WRAP" value="0" />
    <option name="CALL_PARAMETERS_LPAREN_ON_NEXT_LINE" value="false" />
    <option name="CALL_PARAMETERS_RPAREN_ON_NEXT_LINE" value="false" />
    <option name="METHOD_PARAMETERS_WRAP" value="0" />
    <option name="METHOD_PARAMETERS_LPAREN_ON_NEXT_LINE" value="false" />
    <option name="METHOD_PARAMETERS_RPAREN_ON_NEXT_LINE" value="false" />
    <option name="EXTENDS_LIST_WRAP" value="0" />
    <option name="METHOD_CALL_CHAIN_WRAP" value="0" />
    <option name="ASSIGNMENT_WRAP" value="0" />
    <indentOptions>
      <option name="USE_TAB_CHARACTER" value="true" />
    </indentOptions>
  </codeStyleSettings>
</code_scheme>