<application>
  <component name="DefaultFont">
    <option name="FONT_SIZE" value="19" />
    <option name="FONT_FAMILY" value="Source Code Pro" />
    <option name="SECONDARY_FONT_FAMILY" value="Noto Sans Mono" />
  </component>
  <component name="EditorSettings">
    <option name="USE_SOFT_WRAPS" value="" />
    <option name="SOFT_WRAP_FILE_MASKS" value="*.md; *.txt; *.rst; *.adoc" />
    <option name="IS_ENSURE_NEWLINE_AT_EOF" value="true" />
    <option name="SHOW_BREADCRUMBS" value="false" />
    <option name="IS_WHITESPACES_SHOWN" value="true" />
    <option name="IS_LEADING_WHITESPACES_SHOWN" value="false" />
    <option name="IS_INNER_WHITESPACES_SHOWN" value="false" />
    <option name="KEEP_TRAILING_SPACE_ON_CARET_LINE" value="false" />
  </component>
  <component name="SqlEditorOptions">
    <option name="concatenateStringsOnEnter" value="true" />
    <option name="qualificationType" value="On collisions" />
  </component>
</application>