<application>
  <component name="FileTypeManager" version="17">
    <extensionMap>
      <mapping ext="gradle.kts" type="Kotlin" />
      <mapping pattern="test" type="PLAIN_TEXT" />
      <mapping pattern="BindingContext" type="PLAIN_TEXT" />
      <mapping pattern="project_pro_loc" type="PLAIN_TEXT" />
      <mapping pattern=".keep" type="PLAIN_TEXT" />
      <mapping pattern=".fskeep" type="PLAIN_TEXT" />
      <mapping pattern="script" type="PLAIN_TEXT" />
      <mapping pattern=".gitkeep" type="PLAIN_TEXT" />
      <mapping pattern="LICENSE" type="PLAIN_TEXT" />
      <mapping pattern="ShotgunSurgeryPerformanceTest" type="PLAIN_TEXT" />
      <mapping ext="file" type="PLAIN_TEXT" />
      <mapping ext="bla" type="PLAIN_TEXT" />
      <mapping ext="grovlin" type="PLAIN_TEXT" />
      <mapping ext="gv" type="PLAIN_TEXT" />
      <mapping ext="outputformat" type="PLAIN_TEXT" />
    </extensionMap>
  </component>
</application>