<application>
  <component name="UpdatesConfigurable">
    <enabledExternalComponentSources>
      <item value="Android SDK" />
    </enabledExternalComponentSources>
    <option name="externalUpdateChannels">
      <map>
        <entry key="Android SDK" value="Stable Channel" />
      </map>
    </option>
    <ignoredBuildNumbers>
      <item value="171.4694.70" />
      <item value="172.3544.6" />
      <item value="172.3544.18" />
      <item value="172.3317.76" />
      <item value="172.3757.5" />
      <item value="172.3757.29" />
      <item value="172.3968.16" />
      <item value="172.3757.52" />
      <item value="172.3544.35" />
      <item value="172.4155.24" />
      <item value="172.4155.36" />
    </ignoredBuildNumbers>
    <knownExternalComponentSources>
      <item value="Android SDK" />
    </knownExternalComponentSources>
    <option name="LAST_BUILD_CHECKED" value="IC-191.7479.19" />
    <option name="LAST_TIME_CHECKED" value="1562006574497" />
    <option name="THIRD_PARTY_PLUGINS_ALLOWED" value="true" />
    <option name="UPDATE_CHANNEL_TYPE" value="eap" />
  </component>
</application>