<application>
  <component name="LangManager">
    <option name="languageName" value="JAVA" />
  </component>
  <component name="LessonStateBase">
    <option name="myMap">
      <map>
        <entry key="CodeAssistance.CodeFormatting" value="NOT_PASSED" />
        <entry key="CodeAssistance.EditorCodingAssistance" value="NOT_PASSED" />
        <entry key="CodeAssistance.ParameterInfo" value="NOT_PASSED" />
        <entry key="CodeAssistance.QuickPopups" value="NOT_PASSED" />
        <entry key="Completions.BasicCompletion" value="NOT_PASSED" />
        <entry key="Completions.CompletionwithTab" value="NOT_PASSED" />
        <entry key="Completions.SmartTypeCompletion" value="NOT_PASSED" />
        <entry key="Completions.StatementCompletion" value="NOT_PASSED" />
        <entry key="EditorBasics.Collapse" value="PASSED" />
        <entry key="EditorBasics.CommentLine" value="PASSED" />
        <entry key="EditorBasics.DeleteLine" value="PASSED" />
        <entry key="EditorBasics.Duplicate" value="PASSED" />
        <entry key="EditorBasics.Move" value="NOT_PASSED" />
        <entry key="EditorBasics.MultipleSelections" value="PASSED" />
        <entry key="EditorBasics.Selection" value="PASSED" />
        <entry key="Navigation.Declaration/Implementation" value="NOT_PASSED" />
        <entry key="Navigation.FileStructure" value="NOT_PASSED" />
        <entry key="Navigation.JumptoSource" value="NOT_PASSED" />
        <entry key="Navigation.Next/PreviousOccurrences" value="NOT_PASSED" />
        <entry key="Refactorings.ExtractMethod" value="NOT_PASSED" />
        <entry key="Refactorings.ExtractVariable/Field" value="NOT_PASSED" />
        <entry key="Refactorings.RefactoringBasics" value="NOT_PASSED" />
        <entry key="Refactorings.Rename" value="NOT_PASSED" />
        <entry key="swift.codeassistance.codeformatting" value="NOT_PASSED" />
        <entry key="swift.codeassistance.quickpopups" value="NOT_PASSED" />
        <entry key="swift.codegeneration.createfromusage" value="NOT_PASSED" />
        <entry key="swift.codegeneration.generate" value="NOT_PASSED" />
        <entry key="swift.codegeneration.overrideimplement" value="NOT_PASSED" />
        <entry key="swift.codegeneration.quickfixes" value="NOT_PASSED" />
        <entry key="swift.completions.basiccompletion" value="NOT_PASSED" />
        <entry key="swift.editorbasics.collapse" value="NOT_PASSED" />
        <entry key="swift.editorbasics.commentline" value="NOT_PASSED" />
        <entry key="swift.editorbasics.deleteline" value="NOT_PASSED" />
        <entry key="swift.editorbasics.duplicate" value="NOT_PASSED" />
        <entry key="swift.editorbasics.move" value="NOT_PASSED" />
        <entry key="swift.editorbasics.multipleselections" value="NOT_PASSED" />
        <entry key="swift.editorbasics.selection" value="NOT_PASSED" />
        <entry key="swift.navigation.code" value="NOT_PASSED" />
        <entry key="swift.navigation.search" value="NOT_PASSED" />
        <entry key="swift.navigation.toolwindows" value="NOT_PASSED" />
        <entry key="swift.rdt.debug" value="NOT_PASSED" />
        <entry key="swift.rdt.run" value="NOT_PASSED" />
        <entry key="swift.rdt.test" value="NOT_PASSED" />
        <entry key="swift.refactorings.extract.closure" value="NOT_PASSED" />
        <entry key="swift.refactorings.extract.method" value="NOT_PASSED" />
        <entry key="swift.refactorings.extract.variable" value="NOT_PASSED" />
        <entry key="swift.refactorings.rename" value="NOT_PASSED" />
      </map>
    </option>
  </component>
  <component name="StatisticBase">
    <option name="persistedLessonId2State">
      <map>
        <entry key="Completions.BasicCompletion">
          <value>
            <StatisticData>
              <option name="state" value="STARTED" />
              <option name="timestamp" value="1529949815737" />
            </StatisticData>
          </value>
        </entry>
        <entry key="EditorBasics.Collapse">
          <value>
            <StatisticData>
              <option name="state" value="PASSED" />
              <option name="timestamp" value="8147" />
            </StatisticData>
          </value>
        </entry>
        <entry key="EditorBasics.CommentLine">
          <value>
            <StatisticData>
              <option name="state" value="PASSED" />
              <option name="timestamp" value="65252" />
            </StatisticData>
          </value>
        </entry>
        <entry key="EditorBasics.DeleteLine">
          <value>
            <StatisticData>
              <option name="state" value="PASSED" />
              <option name="timestamp" value="7173" />
            </StatisticData>
          </value>
        </entry>
        <entry key="EditorBasics.Duplicate">
          <value>
            <StatisticData>
              <option name="state" value="PASSED" />
              <option name="timestamp" value="5686" />
            </StatisticData>
          </value>
        </entry>
        <entry key="EditorBasics.Move">
          <value>
            <StatisticData>
              <option name="state" value="STARTED" />
              <option name="timestamp" value="1529867304016" />
            </StatisticData>
          </value>
        </entry>
        <entry key="EditorBasics.MultipleSelections">
          <value>
            <StatisticData>
              <option name="state" value="PASSED" />
              <option name="timestamp" value="1135479" />
            </StatisticData>
          </value>
        </entry>
        <entry key="EditorBasics.Selection">
          <value>
            <StatisticData>
              <option name="state" value="PASSED" />
              <option name="timestamp" value="36568" />
            </StatisticData>
          </value>
        </entry>
      </map>
    </option>
  </component>
</application>