<application>
  <component name="ProjectJdkTable">
    <jdk version="2">
      <name value="1.8" />
      <type value="JavaSDK" />
      <version value="java version &quot;1.8.0_161&quot;" />
      <homePath value="$USER_HOME$/.sdkman/candidates/java/8u161-oracle" />
      <roots>
        <annotationsPath>
          <root type="composite">
            <root url="jar://$APPLICATION_HOME_DIR$/lib/jdkAnnotations.jar!/" type="simple" />
          </root>
        </annotationsPath>
        <classPath>
          <root type="composite">
            <root url="jar://$USER_HOME$/.sdkman/candidates/java/8u161-oracle/jre/lib/charsets.jar!/" type="simple" />
            <root url="jar://$USER_HOME$/.sdkman/candidates/java/8u161-oracle/jre/lib/deploy.jar!/" type="simple" />
            <root url="jar://$USER_HOME$/.sdkman/candidates/java/8u161-oracle/jre/lib/ext/cldrdata.jar!/" type="simple" />
            <root url="jar://$USER_HOME$/.sdkman/candidates/java/8u161-oracle/jre/lib/ext/dnsns.jar!/" type="simple" />
            <root url="jar://$USER_HOME$/.sdkman/candidates/java/8u161-oracle/jre/lib/ext/jaccess.jar!/" type="simple" />
            <root url="jar://$USER_HOME$/.sdkman/candidates/java/8u161-oracle/jre/lib/ext/jfxrt.jar!/" type="simple" />
            <root url="jar://$USER_HOME$/.sdkman/candidates/java/8u161-oracle/jre/lib/ext/localedata.jar!/" type="simple" />
            <root url="jar://$USER_HOME$/.sdkman/candidates/java/8u161-oracle/jre/lib/ext/nashorn.jar!/" type="simple" />
            <root url="jar://$USER_HOME$/.sdkman/candidates/java/8u161-oracle/jre/lib/ext/sunec.jar!/" type="simple" />
            <root url="jar://$USER_HOME$/.sdkman/candidates/java/8u161-oracle/jre/lib/ext/sunjce_provider.jar!/" type="simple" />
            <root url="jar://$USER_HOME$/.sdkman/candidates/java/8u161-oracle/jre/lib/ext/sunpkcs11.jar!/" type="simple" />
            <root url="jar://$USER_HOME$/.sdkman/candidates/java/8u161-oracle/jre/lib/ext/zipfs.jar!/" type="simple" />
            <root url="jar://$USER_HOME$/.sdkman/candidates/java/8u161-oracle/jre/lib/javaws.jar!/" type="simple" />
            <root url="jar://$USER_HOME$/.sdkman/candidates/java/8u161-oracle/jre/lib/jce.jar!/" type="simple" />
            <root url="jar://$USER_HOME$/.sdkman/candidates/java/8u161-oracle/jre/lib/jfr.jar!/" type="simple" />
            <root url="jar://$USER_HOME$/.sdkman/candidates/java/8u161-oracle/jre/lib/jfxswt.jar!/" type="simple" />
            <root url="jar://$USER_HOME$/.sdkman/candidates/java/8u161-oracle/jre/lib/jsse.jar!/" type="simple" />
            <root url="jar://$USER_HOME$/.sdkman/candidates/java/8u161-oracle/jre/lib/management-agent.jar!/" type="simple" />
            <root url="jar://$USER_HOME$/.sdkman/candidates/java/8u161-oracle/jre/lib/plugin.jar!/" type="simple" />
            <root url="jar://$USER_HOME$/.sdkman/candidates/java/8u161-oracle/jre/lib/resources.jar!/" type="simple" />
            <root url="jar://$USER_HOME$/.sdkman/candidates/java/8u161-oracle/jre/lib/rt.jar!/" type="simple" />
          </root>
        </classPath>
        <javadocPath>
          <root type="composite" />
        </javadocPath>
        <sourcePath>
          <root type="composite">
            <root url="jar://$USER_HOME$/.sdkman/candidates/java/8u161-oracle/src.zip!/" type="simple" />
            <root url="jar://$USER_HOME$/.sdkman/candidates/java/8u161-oracle/javafx-src.zip!/" type="simple" />
          </root>
        </sourcePath>
      </roots>
      <additional />
    </jdk>
    <jdk version="2">
      <name value="9.0" />
      <type value="JavaSDK" />
      <version value="java version &quot;9.0.4&quot;" />
      <homePath value="$USER_HOME$/.sdkman/candidates/java/9.0.4-oracle" />
      <roots>
        <annotationsPath>
          <root type="composite">
            <root url="jar://$APPLICATION_HOME_DIR$/lib/jdkAnnotations.jar!/" type="simple" />
          </root>
        </annotationsPath>
        <classPath>
          <root type="composite">
            <root url="jrt:///home/artur/.sdkman/candidates/java/9.0.4-oracle!/java.activation" type="simple" />
            <root url="jrt:///home/artur/.sdkman/candidates/java/9.0.4-oracle!/java.base" type="simple" />
            <root url="jrt:///home/artur/.sdkman/candidates/java/9.0.4-oracle!/java.compiler" type="simple" />
            <root url="jrt:///home/artur/.sdkman/candidates/java/9.0.4-oracle!/java.corba" type="simple" />
            <root url="jrt:///home/artur/.sdkman/candidates/java/9.0.4-oracle!/java.datatransfer" type="simple" />
            <root url="jrt:///home/artur/.sdkman/candidates/java/9.0.4-oracle!/java.desktop" type="simple" />
            <root url="jrt:///home/artur/.sdkman/candidates/java/9.0.4-oracle!/java.instrument" type="simple" />
            <root url="jrt:///home/artur/.sdkman/candidates/java/9.0.4-oracle!/java.jnlp" type="simple" />
            <root url="jrt:///home/artur/.sdkman/candidates/java/9.0.4-oracle!/java.logging" type="simple" />
            <root url="jrt:///home/artur/.sdkman/candidates/java/9.0.4-oracle!/java.management" type="simple" />
            <root url="jrt:///home/artur/.sdkman/candidates/java/9.0.4-oracle!/java.management.rmi" type="simple" />
            <root url="jrt:///home/artur/.sdkman/candidates/java/9.0.4-oracle!/java.naming" type="simple" />
            <root url="jrt:///home/artur/.sdkman/candidates/java/9.0.4-oracle!/java.prefs" type="simple" />
            <root url="jrt:///home/artur/.sdkman/candidates/java/9.0.4-oracle!/java.rmi" type="simple" />
            <root url="jrt:///home/artur/.sdkman/candidates/java/9.0.4-oracle!/java.scripting" type="simple" />
            <root url="jrt:///home/artur/.sdkman/candidates/java/9.0.4-oracle!/java.se" type="simple" />
            <root url="jrt:///home/artur/.sdkman/candidates/java/9.0.4-oracle!/java.se.ee" type="simple" />
            <root url="jrt:///home/artur/.sdkman/candidates/java/9.0.4-oracle!/java.security.jgss" type="simple" />
            <root url="jrt:///home/artur/.sdkman/candidates/java/9.0.4-oracle!/java.security.sasl" type="simple" />
            <root url="jrt:///home/artur/.sdkman/candidates/java/9.0.4-oracle!/java.smartcardio" type="simple" />
            <root url="jrt:///home/artur/.sdkman/candidates/java/9.0.4-oracle!/java.sql" type="simple" />
            <root url="jrt:///home/artur/.sdkman/candidates/java/9.0.4-oracle!/java.sql.rowset" type="simple" />
            <root url="jrt:///home/artur/.sdkman/candidates/java/9.0.4-oracle!/java.transaction" type="simple" />
            <root url="jrt:///home/artur/.sdkman/candidates/java/9.0.4-oracle!/java.xml" type="simple" />
            <root url="jrt:///home/artur/.sdkman/candidates/java/9.0.4-oracle!/java.xml.bind" type="simple" />
            <root url="jrt:///home/artur/.sdkman/candidates/java/9.0.4-oracle!/java.xml.crypto" type="simple" />
            <root url="jrt:///home/artur/.sdkman/candidates/java/9.0.4-oracle!/java.xml.ws" type="simple" />
            <root url="jrt:///home/artur/.sdkman/candidates/java/9.0.4-oracle!/java.xml.ws.annotation" type="simple" />
            <root url="jrt:///home/artur/.sdkman/candidates/java/9.0.4-oracle!/javafx.base" type="simple" />
            <root url="jrt:///home/artur/.sdkman/candidates/java/9.0.4-oracle!/javafx.controls" type="simple" />
            <root url="jrt:///home/artur/.sdkman/candidates/java/9.0.4-oracle!/javafx.deploy" type="simple" />
            <root url="jrt:///home/artur/.sdkman/candidates/java/9.0.4-oracle!/javafx.fxml" type="simple" />
            <root url="jrt:///home/artur/.sdkman/candidates/java/9.0.4-oracle!/javafx.graphics" type="simple" />
            <root url="jrt:///home/artur/.sdkman/candidates/java/9.0.4-oracle!/javafx.media" type="simple" />
            <root url="jrt:///home/artur/.sdkman/candidates/java/9.0.4-oracle!/javafx.swing" type="simple" />
            <root url="jrt:///home/artur/.sdkman/candidates/java/9.0.4-oracle!/javafx.web" type="simple" />
            <root url="jrt:///home/artur/.sdkman/candidates/java/9.0.4-oracle!/jdk.accessibility" type="simple" />
            <root url="jrt:///home/artur/.sdkman/candidates/java/9.0.4-oracle!/jdk.aot" type="simple" />
            <root url="jrt:///home/artur/.sdkman/candidates/java/9.0.4-oracle!/jdk.attach" type="simple" />
            <root url="jrt:///home/artur/.sdkman/candidates/java/9.0.4-oracle!/jdk.charsets" type="simple" />
            <root url="jrt:///home/artur/.sdkman/candidates/java/9.0.4-oracle!/jdk.compiler" type="simple" />
            <root url="jrt:///home/artur/.sdkman/candidates/java/9.0.4-oracle!/jdk.crypto.cryptoki" type="simple" />
            <root url="jrt:///home/artur/.sdkman/candidates/java/9.0.4-oracle!/jdk.crypto.ec" type="simple" />
            <root url="jrt:///home/artur/.sdkman/candidates/java/9.0.4-oracle!/jdk.deploy" type="simple" />
            <root url="jrt:///home/artur/.sdkman/candidates/java/9.0.4-oracle!/jdk.deploy.controlpanel" type="simple" />
            <root url="jrt:///home/artur/.sdkman/candidates/java/9.0.4-oracle!/jdk.dynalink" type="simple" />
            <root url="jrt:///home/artur/.sdkman/candidates/java/9.0.4-oracle!/jdk.editpad" type="simple" />
            <root url="jrt:///home/artur/.sdkman/candidates/java/9.0.4-oracle!/jdk.hotspot.agent" type="simple" />
            <root url="jrt:///home/artur/.sdkman/candidates/java/9.0.4-oracle!/jdk.httpserver" type="simple" />
            <root url="jrt:///home/artur/.sdkman/candidates/java/9.0.4-oracle!/jdk.incubator.httpclient" type="simple" />
            <root url="jrt:///home/artur/.sdkman/candidates/java/9.0.4-oracle!/jdk.internal.ed" type="simple" />
            <root url="jrt:///home/artur/.sdkman/candidates/java/9.0.4-oracle!/jdk.internal.jvmstat" type="simple" />
            <root url="jrt:///home/artur/.sdkman/candidates/java/9.0.4-oracle!/jdk.internal.le" type="simple" />
            <root url="jrt:///home/artur/.sdkman/candidates/java/9.0.4-oracle!/jdk.internal.opt" type="simple" />
            <root url="jrt:///home/artur/.sdkman/candidates/java/9.0.4-oracle!/jdk.internal.vm.ci" type="simple" />
            <root url="jrt:///home/artur/.sdkman/candidates/java/9.0.4-oracle!/jdk.internal.vm.compiler" type="simple" />
            <root url="jrt:///home/artur/.sdkman/candidates/java/9.0.4-oracle!/jdk.jartool" type="simple" />
            <root url="jrt:///home/artur/.sdkman/candidates/java/9.0.4-oracle!/jdk.javadoc" type="simple" />
            <root url="jrt:///home/artur/.sdkman/candidates/java/9.0.4-oracle!/jdk.javaws" type="simple" />
            <root url="jrt:///home/artur/.sdkman/candidates/java/9.0.4-oracle!/jdk.jcmd" type="simple" />
            <root url="jrt:///home/artur/.sdkman/candidates/java/9.0.4-oracle!/jdk.jconsole" type="simple" />
            <root url="jrt:///home/artur/.sdkman/candidates/java/9.0.4-oracle!/jdk.jdeps" type="simple" />
            <root url="jrt:///home/artur/.sdkman/candidates/java/9.0.4-oracle!/jdk.jdi" type="simple" />
            <root url="jrt:///home/artur/.sdkman/candidates/java/9.0.4-oracle!/jdk.jdwp.agent" type="simple" />
            <root url="jrt:///home/artur/.sdkman/candidates/java/9.0.4-oracle!/jdk.jfr" type="simple" />
            <root url="jrt:///home/artur/.sdkman/candidates/java/9.0.4-oracle!/jdk.jlink" type="simple" />
            <root url="jrt:///home/artur/.sdkman/candidates/java/9.0.4-oracle!/jdk.jshell" type="simple" />
            <root url="jrt:///home/artur/.sdkman/candidates/java/9.0.4-oracle!/jdk.jsobject" type="simple" />
            <root url="jrt:///home/artur/.sdkman/candidates/java/9.0.4-oracle!/jdk.jstatd" type="simple" />
            <root url="jrt:///home/artur/.sdkman/candidates/java/9.0.4-oracle!/jdk.localedata" type="simple" />
            <root url="jrt:///home/artur/.sdkman/candidates/java/9.0.4-oracle!/jdk.management" type="simple" />
            <root url="jrt:///home/artur/.sdkman/candidates/java/9.0.4-oracle!/jdk.management.agent" type="simple" />
            <root url="jrt:///home/artur/.sdkman/candidates/java/9.0.4-oracle!/jdk.management.cmm" type="simple" />
            <root url="jrt:///home/artur/.sdkman/candidates/java/9.0.4-oracle!/jdk.management.jfr" type="simple" />
            <root url="jrt:///home/artur/.sdkman/candidates/java/9.0.4-oracle!/jdk.management.resource" type="simple" />
            <root url="jrt:///home/artur/.sdkman/candidates/java/9.0.4-oracle!/jdk.naming.dns" type="simple" />
            <root url="jrt:///home/artur/.sdkman/candidates/java/9.0.4-oracle!/jdk.naming.rmi" type="simple" />
            <root url="jrt:///home/artur/.sdkman/candidates/java/9.0.4-oracle!/jdk.net" type="simple" />
            <root url="jrt:///home/artur/.sdkman/candidates/java/9.0.4-oracle!/jdk.pack" type="simple" />
            <root url="jrt:///home/artur/.sdkman/candidates/java/9.0.4-oracle!/jdk.packager" type="simple" />
            <root url="jrt:///home/artur/.sdkman/candidates/java/9.0.4-oracle!/jdk.packager.services" type="simple" />
            <root url="jrt:///home/artur/.sdkman/candidates/java/9.0.4-oracle!/jdk.plugin" type="simple" />
            <root url="jrt:///home/artur/.sdkman/candidates/java/9.0.4-oracle!/jdk.plugin.dom" type="simple" />
            <root url="jrt:///home/artur/.sdkman/candidates/java/9.0.4-oracle!/jdk.plugin.server" type="simple" />
            <root url="jrt:///home/artur/.sdkman/candidates/java/9.0.4-oracle!/jdk.policytool" type="simple" />
            <root url="jrt:///home/artur/.sdkman/candidates/java/9.0.4-oracle!/jdk.rmic" type="simple" />
            <root url="jrt:///home/artur/.sdkman/candidates/java/9.0.4-oracle!/jdk.scripting.nashorn" type="simple" />
            <root url="jrt:///home/artur/.sdkman/candidates/java/9.0.4-oracle!/jdk.scripting.nashorn.shell" type="simple" />
            <root url="jrt:///home/artur/.sdkman/candidates/java/9.0.4-oracle!/jdk.sctp" type="simple" />
            <root url="jrt:///home/artur/.sdkman/candidates/java/9.0.4-oracle!/jdk.security.auth" type="simple" />
            <root url="jrt:///home/artur/.sdkman/candidates/java/9.0.4-oracle!/jdk.security.jgss" type="simple" />
            <root url="jrt:///home/artur/.sdkman/candidates/java/9.0.4-oracle!/jdk.snmp" type="simple" />
            <root url="jrt:///home/artur/.sdkman/candidates/java/9.0.4-oracle!/jdk.unsupported" type="simple" />
            <root url="jrt:///home/artur/.sdkman/candidates/java/9.0.4-oracle!/jdk.xml.bind" type="simple" />
            <root url="jrt:///home/artur/.sdkman/candidates/java/9.0.4-oracle!/jdk.xml.dom" type="simple" />
            <root url="jrt:///home/artur/.sdkman/candidates/java/9.0.4-oracle!/jdk.xml.ws" type="simple" />
            <root url="jrt:///home/artur/.sdkman/candidates/java/9.0.4-oracle!/jdk.zipfs" type="simple" />
            <root url="jrt:///home/artur/.sdkman/candidates/java/9.0.4-oracle!/oracle.desktop" type="simple" />
            <root url="jrt:///home/artur/.sdkman/candidates/java/9.0.4-oracle!/oracle.net" type="simple" />
          </root>
        </classPath>
        <javadocPath>
          <root type="composite" />
        </javadocPath>
        <sourcePath>
          <root type="composite">
            <root url="jar://$USER_HOME$/.sdkman/candidates/java/9.0.4-oracle/lib/src.zip!/java.se" type="simple" />
            <root url="jar://$USER_HOME$/.sdkman/candidates/java/9.0.4-oracle/lib/src.zip!/jdk.aot" type="simple" />
            <root url="jar://$USER_HOME$/.sdkman/candidates/java/9.0.4-oracle/lib/src.zip!/jdk.jdi" type="simple" />
            <root url="jar://$USER_HOME$/.sdkman/candidates/java/9.0.4-oracle/lib/src.zip!/jdk.net" type="simple" />
            <root url="jar://$USER_HOME$/.sdkman/candidates/java/9.0.4-oracle/lib/src.zip!/java.rmi" type="simple" />
            <root url="jar://$USER_HOME$/.sdkman/candidates/java/9.0.4-oracle/lib/src.zip!/java.sql" type="simple" />
            <root url="jar://$USER_HOME$/.sdkman/candidates/java/9.0.4-oracle/lib/src.zip!/java.xml" type="simple" />
            <root url="jar://$USER_HOME$/.sdkman/candidates/java/9.0.4-oracle/lib/src.zip!/jdk.jcmd" type="simple" />
            <root url="jar://$USER_HOME$/.sdkman/candidates/java/9.0.4-oracle/lib/src.zip!/jdk.pack" type="simple" />
            <root url="jar://$USER_HOME$/.sdkman/candidates/java/9.0.4-oracle/lib/src.zip!/jdk.rmic" type="simple" />
            <root url="jar://$USER_HOME$/.sdkman/candidates/java/9.0.4-oracle/lib/src.zip!/jdk.sctp" type="simple" />
            <root url="jar://$USER_HOME$/.sdkman/candidates/java/9.0.4-oracle/lib/src.zip!/java.base" type="simple" />
            <root url="jar://$USER_HOME$/.sdkman/candidates/java/9.0.4-oracle/lib/src.zip!/jdk.jdeps" type="simple" />
            <root url="jar://$USER_HOME$/.sdkman/candidates/java/9.0.4-oracle/lib/src.zip!/jdk.jlink" type="simple" />
            <root url="jar://$USER_HOME$/.sdkman/candidates/java/9.0.4-oracle/lib/src.zip!/jdk.zipfs" type="simple" />
            <root url="jar://$USER_HOME$/.sdkman/candidates/java/9.0.4-oracle/lib/src.zip!/java.corba" type="simple" />
            <root url="jar://$USER_HOME$/.sdkman/candidates/java/9.0.4-oracle/lib/src.zip!/java.prefs" type="simple" />
            <root url="jar://$USER_HOME$/.sdkman/candidates/java/9.0.4-oracle/lib/src.zip!/java.se.ee" type="simple" />
            <root url="jar://$USER_HOME$/.sdkman/candidates/java/9.0.4-oracle/lib/src.zip!/javafx.web" type="simple" />
            <root url="jar://$USER_HOME$/.sdkman/candidates/java/9.0.4-oracle/lib/src.zip!/jdk.attach" type="simple" />
            <root url="jar://$USER_HOME$/.sdkman/candidates/java/9.0.4-oracle/lib/src.zip!/jdk.jshell" type="simple" />
            <root url="jar://$USER_HOME$/.sdkman/candidates/java/9.0.4-oracle/lib/src.zip!/jdk.jstatd" type="simple" />
            <root url="jar://$USER_HOME$/.sdkman/candidates/java/9.0.4-oracle/lib/src.zip!/jdk.xml.ws" type="simple" />
            <root url="jar://$USER_HOME$/.sdkman/candidates/java/9.0.4-oracle/lib/src.zip!/java.naming" type="simple" />
            <root url="jar://$USER_HOME$/.sdkman/candidates/java/9.0.4-oracle/lib/src.zip!/java.xml.ws" type="simple" />
            <root url="jar://$USER_HOME$/.sdkman/candidates/java/9.0.4-oracle/lib/src.zip!/javafx.base" type="simple" />
            <root url="jar://$USER_HOME$/.sdkman/candidates/java/9.0.4-oracle/lib/src.zip!/javafx.fxml" type="simple" />
            <root url="jar://$USER_HOME$/.sdkman/candidates/java/9.0.4-oracle/lib/src.zip!/jdk.editpad" type="simple" />
            <root url="jar://$USER_HOME$/.sdkman/candidates/java/9.0.4-oracle/lib/src.zip!/jdk.jartool" type="simple" />
            <root url="jar://$USER_HOME$/.sdkman/candidates/java/9.0.4-oracle/lib/src.zip!/jdk.javadoc" type="simple" />
            <root url="jar://$USER_HOME$/.sdkman/candidates/java/9.0.4-oracle/lib/src.zip!/jdk.xml.dom" type="simple" />
            <root url="jar://$USER_HOME$/.sdkman/candidates/java/9.0.4-oracle/lib/src.zip!/java.desktop" type="simple" />
            <root url="jar://$USER_HOME$/.sdkman/candidates/java/9.0.4-oracle/lib/src.zip!/java.logging" type="simple" />
            <root url="jar://$USER_HOME$/.sdkman/candidates/java/9.0.4-oracle/lib/src.zip!/javafx.media" type="simple" />
            <root url="jar://$USER_HOME$/.sdkman/candidates/java/9.0.4-oracle/lib/src.zip!/javafx.swing" type="simple" />
            <root url="jar://$USER_HOME$/.sdkman/candidates/java/9.0.4-oracle/lib/src.zip!/jdk.charsets" type="simple" />
            <root url="jar://$USER_HOME$/.sdkman/candidates/java/9.0.4-oracle/lib/src.zip!/jdk.compiler" type="simple" />
            <root url="jar://$USER_HOME$/.sdkman/candidates/java/9.0.4-oracle/lib/src.zip!/jdk.dynalink" type="simple" />
            <root url="jar://$USER_HOME$/.sdkman/candidates/java/9.0.4-oracle/lib/src.zip!/jdk.jconsole" type="simple" />
            <root url="jar://$USER_HOME$/.sdkman/candidates/java/9.0.4-oracle/lib/src.zip!/jdk.jsobject" type="simple" />
            <root url="jar://$USER_HOME$/.sdkman/candidates/java/9.0.4-oracle/lib/src.zip!/jdk.packager" type="simple" />
            <root url="jar://$USER_HOME$/.sdkman/candidates/java/9.0.4-oracle/lib/src.zip!/jdk.xml.bind" type="simple" />
            <root url="jar://$USER_HOME$/.sdkman/candidates/java/9.0.4-oracle/lib/src.zip!/java.compiler" type="simple" />
            <root url="jar://$USER_HOME$/.sdkman/candidates/java/9.0.4-oracle/lib/src.zip!/java.xml.bind" type="simple" />
            <root url="jar://$USER_HOME$/.sdkman/candidates/java/9.0.4-oracle/lib/src.zip!/jdk.crypto.ec" type="simple" />
            <root url="jar://$USER_HOME$/.sdkman/candidates/java/9.0.4-oracle/lib/src.zip!/java.scripting" type="simple" />
            <root url="jar://$USER_HOME$/.sdkman/candidates/java/9.0.4-oracle/lib/src.zip!/jdk.httpserver" type="simple" />
            <root url="jar://$USER_HOME$/.sdkman/candidates/java/9.0.4-oracle/lib/src.zip!/jdk.jdwp.agent" type="simple" />
            <root url="jar://$USER_HOME$/.sdkman/candidates/java/9.0.4-oracle/lib/src.zip!/jdk.localedata" type="simple" />
            <root url="jar://$USER_HOME$/.sdkman/candidates/java/9.0.4-oracle/lib/src.zip!/jdk.management" type="simple" />
            <root url="jar://$USER_HOME$/.sdkman/candidates/java/9.0.4-oracle/lib/src.zip!/jdk.naming.dns" type="simple" />
            <root url="jar://$USER_HOME$/.sdkman/candidates/java/9.0.4-oracle/lib/src.zip!/jdk.naming.rmi" type="simple" />
            <root url="jar://$USER_HOME$/.sdkman/candidates/java/9.0.4-oracle/lib/src.zip!/jdk.policytool" type="simple" />
            <root url="jar://$USER_HOME$/.sdkman/candidates/java/9.0.4-oracle/lib/src.zip!/java.activation" type="simple" />
            <root url="jar://$USER_HOME$/.sdkman/candidates/java/9.0.4-oracle/lib/src.zip!/java.instrument" type="simple" />
            <root url="jar://$USER_HOME$/.sdkman/candidates/java/9.0.4-oracle/lib/src.zip!/java.management" type="simple" />
            <root url="jar://$USER_HOME$/.sdkman/candidates/java/9.0.4-oracle/lib/src.zip!/java.sql.rowset" type="simple" />
            <root url="jar://$USER_HOME$/.sdkman/candidates/java/9.0.4-oracle/lib/src.zip!/java.xml.crypto" type="simple" />
            <root url="jar://$USER_HOME$/.sdkman/candidates/java/9.0.4-oracle/lib/src.zip!/javafx.controls" type="simple" />
            <root url="jar://$USER_HOME$/.sdkman/candidates/java/9.0.4-oracle/lib/src.zip!/javafx.graphics" type="simple" />
            <root url="jar://$USER_HOME$/.sdkman/candidates/java/9.0.4-oracle/lib/src.zip!/jdk.internal.ed" type="simple" />
            <root url="jar://$USER_HOME$/.sdkman/candidates/java/9.0.4-oracle/lib/src.zip!/jdk.internal.le" type="simple" />
            <root url="jar://$USER_HOME$/.sdkman/candidates/java/9.0.4-oracle/lib/src.zip!/jdk.unsupported" type="simple" />
            <root url="jar://$USER_HOME$/.sdkman/candidates/java/9.0.4-oracle/lib/src.zip!/java.smartcardio" type="simple" />
            <root url="jar://$USER_HOME$/.sdkman/candidates/java/9.0.4-oracle/lib/src.zip!/java.transaction" type="simple" />
            <root url="jar://$USER_HOME$/.sdkman/candidates/java/9.0.4-oracle/lib/src.zip!/jdk.internal.opt" type="simple" />
            <root url="jar://$USER_HOME$/.sdkman/candidates/java/9.0.4-oracle/lib/src.zip!/java.datatransfer" type="simple" />
            <root url="jar://$USER_HOME$/.sdkman/candidates/java/9.0.4-oracle/lib/src.zip!/jdk.accessibility" type="simple" />
            <root url="jar://$USER_HOME$/.sdkman/candidates/java/9.0.4-oracle/lib/src.zip!/jdk.hotspot.agent" type="simple" />
            <root url="jar://$USER_HOME$/.sdkman/candidates/java/9.0.4-oracle/lib/src.zip!/jdk.security.auth" type="simple" />
            <root url="jar://$USER_HOME$/.sdkman/candidates/java/9.0.4-oracle/lib/src.zip!/jdk.security.jgss" type="simple" />
            <root url="jar://$USER_HOME$/.sdkman/candidates/java/9.0.4-oracle/lib/src.zip!/java.security.jgss" type="simple" />
            <root url="jar://$USER_HOME$/.sdkman/candidates/java/9.0.4-oracle/lib/src.zip!/java.security.sasl" type="simple" />
            <root url="jar://$USER_HOME$/.sdkman/candidates/java/9.0.4-oracle/lib/src.zip!/jdk.internal.vm.ci" type="simple" />
            <root url="jar://$USER_HOME$/.sdkman/candidates/java/9.0.4-oracle/lib/src.zip!/java.management.rmi" type="simple" />
            <root url="jar://$USER_HOME$/.sdkman/candidates/java/9.0.4-oracle/lib/src.zip!/jdk.crypto.cryptoki" type="simple" />
            <root url="jar://$USER_HOME$/.sdkman/candidates/java/9.0.4-oracle/lib/src.zip!/jdk.internal.jvmstat" type="simple" />
            <root url="jar://$USER_HOME$/.sdkman/candidates/java/9.0.4-oracle/lib/src.zip!/jdk.management.agent" type="simple" />
            <root url="jar://$USER_HOME$/.sdkman/candidates/java/9.0.4-oracle/lib/src.zip!/jdk.packager.services" type="simple" />
            <root url="jar://$USER_HOME$/.sdkman/candidates/java/9.0.4-oracle/lib/src.zip!/jdk.scripting.nashorn" type="simple" />
            <root url="jar://$USER_HOME$/.sdkman/candidates/java/9.0.4-oracle/lib/src.zip!/java.xml.ws.annotation" type="simple" />
            <root url="jar://$USER_HOME$/.sdkman/candidates/java/9.0.4-oracle/lib/src.zip!/jdk.incubator.httpclient" type="simple" />
            <root url="jar://$USER_HOME$/.sdkman/candidates/java/9.0.4-oracle/lib/src.zip!/jdk.internal.vm.compiler" type="simple" />
            <root url="jar://$USER_HOME$/.sdkman/candidates/java/9.0.4-oracle/lib/src.zip!/jdk.scripting.nashorn.shell" type="simple" />
          </root>
        </sourcePath>
      </roots>
      <additional />
    </jdk>
    <jdk version="2">
      <name value="10" />
      <type value="JavaSDK" />
      <version value="java version &quot;10.0.1&quot;" />
      <homePath value="$USER_HOME$/.sdkman/candidates/java/10.0.1-oracle" />
      <roots>
        <annotationsPath>
          <root type="composite">
            <root url="jar://$APPLICATION_HOME_DIR$/lib/jdkAnnotations.jar!/" type="simple" />
          </root>
        </annotationsPath>
        <classPath>
          <root type="composite">
            <root url="jrt:///home/artur/.sdkman/candidates/java/10.0.1-oracle!/java.activation" type="simple" />
            <root url="jrt:///home/artur/.sdkman/candidates/java/10.0.1-oracle!/java.base" type="simple" />
            <root url="jrt:///home/artur/.sdkman/candidates/java/10.0.1-oracle!/java.compiler" type="simple" />
            <root url="jrt:///home/artur/.sdkman/candidates/java/10.0.1-oracle!/java.corba" type="simple" />
            <root url="jrt:///home/artur/.sdkman/candidates/java/10.0.1-oracle!/java.datatransfer" type="simple" />
            <root url="jrt:///home/artur/.sdkman/candidates/java/10.0.1-oracle!/java.desktop" type="simple" />
            <root url="jrt:///home/artur/.sdkman/candidates/java/10.0.1-oracle!/java.instrument" type="simple" />
            <root url="jrt:///home/artur/.sdkman/candidates/java/10.0.1-oracle!/java.jnlp" type="simple" />
            <root url="jrt:///home/artur/.sdkman/candidates/java/10.0.1-oracle!/java.logging" type="simple" />
            <root url="jrt:///home/artur/.sdkman/candidates/java/10.0.1-oracle!/java.management" type="simple" />
            <root url="jrt:///home/artur/.sdkman/candidates/java/10.0.1-oracle!/java.management.rmi" type="simple" />
            <root url="jrt:///home/artur/.sdkman/candidates/java/10.0.1-oracle!/java.naming" type="simple" />
            <root url="jrt:///home/artur/.sdkman/candidates/java/10.0.1-oracle!/java.prefs" type="simple" />
            <root url="jrt:///home/artur/.sdkman/candidates/java/10.0.1-oracle!/java.rmi" type="simple" />
            <root url="jrt:///home/artur/.sdkman/candidates/java/10.0.1-oracle!/java.scripting" type="simple" />
            <root url="jrt:///home/artur/.sdkman/candidates/java/10.0.1-oracle!/java.se" type="simple" />
            <root url="jrt:///home/artur/.sdkman/candidates/java/10.0.1-oracle!/java.se.ee" type="simple" />
            <root url="jrt:///home/artur/.sdkman/candidates/java/10.0.1-oracle!/java.security.jgss" type="simple" />
            <root url="jrt:///home/artur/.sdkman/candidates/java/10.0.1-oracle!/java.security.sasl" type="simple" />
            <root url="jrt:///home/artur/.sdkman/candidates/java/10.0.1-oracle!/java.smartcardio" type="simple" />
            <root url="jrt:///home/artur/.sdkman/candidates/java/10.0.1-oracle!/java.sql" type="simple" />
            <root url="jrt:///home/artur/.sdkman/candidates/java/10.0.1-oracle!/java.sql.rowset" type="simple" />
            <root url="jrt:///home/artur/.sdkman/candidates/java/10.0.1-oracle!/java.transaction" type="simple" />
            <root url="jrt:///home/artur/.sdkman/candidates/java/10.0.1-oracle!/java.xml" type="simple" />
            <root url="jrt:///home/artur/.sdkman/candidates/java/10.0.1-oracle!/java.xml.bind" type="simple" />
            <root url="jrt:///home/artur/.sdkman/candidates/java/10.0.1-oracle!/java.xml.crypto" type="simple" />
            <root url="jrt:///home/artur/.sdkman/candidates/java/10.0.1-oracle!/java.xml.ws" type="simple" />
            <root url="jrt:///home/artur/.sdkman/candidates/java/10.0.1-oracle!/java.xml.ws.annotation" type="simple" />
            <root url="jrt:///home/artur/.sdkman/candidates/java/10.0.1-oracle!/javafx.base" type="simple" />
            <root url="jrt:///home/artur/.sdkman/candidates/java/10.0.1-oracle!/javafx.controls" type="simple" />
            <root url="jrt:///home/artur/.sdkman/candidates/java/10.0.1-oracle!/javafx.deploy" type="simple" />
            <root url="jrt:///home/artur/.sdkman/candidates/java/10.0.1-oracle!/javafx.fxml" type="simple" />
            <root url="jrt:///home/artur/.sdkman/candidates/java/10.0.1-oracle!/javafx.graphics" type="simple" />
            <root url="jrt:///home/artur/.sdkman/candidates/java/10.0.1-oracle!/javafx.media" type="simple" />
            <root url="jrt:///home/artur/.sdkman/candidates/java/10.0.1-oracle!/javafx.swing" type="simple" />
            <root url="jrt:///home/artur/.sdkman/candidates/java/10.0.1-oracle!/javafx.web" type="simple" />
            <root url="jrt:///home/artur/.sdkman/candidates/java/10.0.1-oracle!/jdk.accessibility" type="simple" />
            <root url="jrt:///home/artur/.sdkman/candidates/java/10.0.1-oracle!/jdk.aot" type="simple" />
            <root url="jrt:///home/artur/.sdkman/candidates/java/10.0.1-oracle!/jdk.attach" type="simple" />
            <root url="jrt:///home/artur/.sdkman/candidates/java/10.0.1-oracle!/jdk.charsets" type="simple" />
            <root url="jrt:///home/artur/.sdkman/candidates/java/10.0.1-oracle!/jdk.compiler" type="simple" />
            <root url="jrt:///home/artur/.sdkman/candidates/java/10.0.1-oracle!/jdk.crypto.cryptoki" type="simple" />
            <root url="jrt:///home/artur/.sdkman/candidates/java/10.0.1-oracle!/jdk.crypto.ec" type="simple" />
            <root url="jrt:///home/artur/.sdkman/candidates/java/10.0.1-oracle!/jdk.deploy" type="simple" />
            <root url="jrt:///home/artur/.sdkman/candidates/java/10.0.1-oracle!/jdk.deploy.controlpanel" type="simple" />
            <root url="jrt:///home/artur/.sdkman/candidates/java/10.0.1-oracle!/jdk.dynalink" type="simple" />
            <root url="jrt:///home/artur/.sdkman/candidates/java/10.0.1-oracle!/jdk.editpad" type="simple" />
            <root url="jrt:///home/artur/.sdkman/candidates/java/10.0.1-oracle!/jdk.hotspot.agent" type="simple" />
            <root url="jrt:///home/artur/.sdkman/candidates/java/10.0.1-oracle!/jdk.httpserver" type="simple" />
            <root url="jrt:///home/artur/.sdkman/candidates/java/10.0.1-oracle!/jdk.incubator.httpclient" type="simple" />
            <root url="jrt:///home/artur/.sdkman/candidates/java/10.0.1-oracle!/jdk.internal.ed" type="simple" />
            <root url="jrt:///home/artur/.sdkman/candidates/java/10.0.1-oracle!/jdk.internal.jvmstat" type="simple" />
            <root url="jrt:///home/artur/.sdkman/candidates/java/10.0.1-oracle!/jdk.internal.le" type="simple" />
            <root url="jrt:///home/artur/.sdkman/candidates/java/10.0.1-oracle!/jdk.internal.opt" type="simple" />
            <root url="jrt:///home/artur/.sdkman/candidates/java/10.0.1-oracle!/jdk.internal.vm.ci" type="simple" />
            <root url="jrt:///home/artur/.sdkman/candidates/java/10.0.1-oracle!/jdk.internal.vm.compiler" type="simple" />
            <root url="jrt:///home/artur/.sdkman/candidates/java/10.0.1-oracle!/jdk.internal.vm.compiler.management" type="simple" />
            <root url="jrt:///home/artur/.sdkman/candidates/java/10.0.1-oracle!/jdk.jartool" type="simple" />
            <root url="jrt:///home/artur/.sdkman/candidates/java/10.0.1-oracle!/jdk.javadoc" type="simple" />
            <root url="jrt:///home/artur/.sdkman/candidates/java/10.0.1-oracle!/jdk.javaws" type="simple" />
            <root url="jrt:///home/artur/.sdkman/candidates/java/10.0.1-oracle!/jdk.jcmd" type="simple" />
            <root url="jrt:///home/artur/.sdkman/candidates/java/10.0.1-oracle!/jdk.jconsole" type="simple" />
            <root url="jrt:///home/artur/.sdkman/candidates/java/10.0.1-oracle!/jdk.jdeps" type="simple" />
            <root url="jrt:///home/artur/.sdkman/candidates/java/10.0.1-oracle!/jdk.jdi" type="simple" />
            <root url="jrt:///home/artur/.sdkman/candidates/java/10.0.1-oracle!/jdk.jdwp.agent" type="simple" />
            <root url="jrt:///home/artur/.sdkman/candidates/java/10.0.1-oracle!/jdk.jfr" type="simple" />
            <root url="jrt:///home/artur/.sdkman/candidates/java/10.0.1-oracle!/jdk.jlink" type="simple" />
            <root url="jrt:///home/artur/.sdkman/candidates/java/10.0.1-oracle!/jdk.jshell" type="simple" />
            <root url="jrt:///home/artur/.sdkman/candidates/java/10.0.1-oracle!/jdk.jsobject" type="simple" />
            <root url="jrt:///home/artur/.sdkman/candidates/java/10.0.1-oracle!/jdk.jstatd" type="simple" />
            <root url="jrt:///home/artur/.sdkman/candidates/java/10.0.1-oracle!/jdk.localedata" type="simple" />
            <root url="jrt:///home/artur/.sdkman/candidates/java/10.0.1-oracle!/jdk.management" type="simple" />
            <root url="jrt:///home/artur/.sdkman/candidates/java/10.0.1-oracle!/jdk.management.agent" type="simple" />
            <root url="jrt:///home/artur/.sdkman/candidates/java/10.0.1-oracle!/jdk.management.cmm" type="simple" />
            <root url="jrt:///home/artur/.sdkman/candidates/java/10.0.1-oracle!/jdk.management.jfr" type="simple" />
            <root url="jrt:///home/artur/.sdkman/candidates/java/10.0.1-oracle!/jdk.management.resource" type="simple" />
            <root url="jrt:///home/artur/.sdkman/candidates/java/10.0.1-oracle!/jdk.naming.dns" type="simple" />
            <root url="jrt:///home/artur/.sdkman/candidates/java/10.0.1-oracle!/jdk.naming.rmi" type="simple" />
            <root url="jrt:///home/artur/.sdkman/candidates/java/10.0.1-oracle!/jdk.net" type="simple" />
            <root url="jrt:///home/artur/.sdkman/candidates/java/10.0.1-oracle!/jdk.pack" type="simple" />
            <root url="jrt:///home/artur/.sdkman/candidates/java/10.0.1-oracle!/jdk.packager" type="simple" />
            <root url="jrt:///home/artur/.sdkman/candidates/java/10.0.1-oracle!/jdk.packager.services" type="simple" />
            <root url="jrt:///home/artur/.sdkman/candidates/java/10.0.1-oracle!/jdk.plugin" type="simple" />
            <root url="jrt:///home/artur/.sdkman/candidates/java/10.0.1-oracle!/jdk.plugin.server" type="simple" />
            <root url="jrt:///home/artur/.sdkman/candidates/java/10.0.1-oracle!/jdk.rmic" type="simple" />
            <root url="jrt:///home/artur/.sdkman/candidates/java/10.0.1-oracle!/jdk.scripting.nashorn" type="simple" />
            <root url="jrt:///home/artur/.sdkman/candidates/java/10.0.1-oracle!/jdk.scripting.nashorn.shell" type="simple" />
            <root url="jrt:///home/artur/.sdkman/candidates/java/10.0.1-oracle!/jdk.sctp" type="simple" />
            <root url="jrt:///home/artur/.sdkman/candidates/java/10.0.1-oracle!/jdk.security.auth" type="simple" />
            <root url="jrt:///home/artur/.sdkman/candidates/java/10.0.1-oracle!/jdk.security.jgss" type="simple" />
            <root url="jrt:///home/artur/.sdkman/candidates/java/10.0.1-oracle!/jdk.snmp" type="simple" />
            <root url="jrt:///home/artur/.sdkman/candidates/java/10.0.1-oracle!/jdk.unsupported" type="simple" />
            <root url="jrt:///home/artur/.sdkman/candidates/java/10.0.1-oracle!/jdk.xml.bind" type="simple" />
            <root url="jrt:///home/artur/.sdkman/candidates/java/10.0.1-oracle!/jdk.xml.dom" type="simple" />
            <root url="jrt:///home/artur/.sdkman/candidates/java/10.0.1-oracle!/jdk.xml.ws" type="simple" />
            <root url="jrt:///home/artur/.sdkman/candidates/java/10.0.1-oracle!/jdk.zipfs" type="simple" />
            <root url="jrt:///home/artur/.sdkman/candidates/java/10.0.1-oracle!/oracle.desktop" type="simple" />
            <root url="jrt:///home/artur/.sdkman/candidates/java/10.0.1-oracle!/oracle.net" type="simple" />
          </root>
        </classPath>
        <javadocPath>
          <root type="composite" />
        </javadocPath>
        <sourcePath>
          <root type="composite">
            <root url="jar://$USER_HOME$/.sdkman/candidates/java/10.0.1-oracle/lib/src.zip!/java.se" type="simple" />
            <root url="jar://$USER_HOME$/.sdkman/candidates/java/10.0.1-oracle/lib/src.zip!/jdk.aot" type="simple" />
            <root url="jar://$USER_HOME$/.sdkman/candidates/java/10.0.1-oracle/lib/src.zip!/jdk.jdi" type="simple" />
            <root url="jar://$USER_HOME$/.sdkman/candidates/java/10.0.1-oracle/lib/src.zip!/jdk.net" type="simple" />
            <root url="jar://$USER_HOME$/.sdkman/candidates/java/10.0.1-oracle/lib/src.zip!/java.rmi" type="simple" />
            <root url="jar://$USER_HOME$/.sdkman/candidates/java/10.0.1-oracle/lib/src.zip!/java.sql" type="simple" />
            <root url="jar://$USER_HOME$/.sdkman/candidates/java/10.0.1-oracle/lib/src.zip!/java.xml" type="simple" />
            <root url="jar://$USER_HOME$/.sdkman/candidates/java/10.0.1-oracle/lib/src.zip!/jdk.jcmd" type="simple" />
            <root url="jar://$USER_HOME$/.sdkman/candidates/java/10.0.1-oracle/lib/src.zip!/jdk.pack" type="simple" />
            <root url="jar://$USER_HOME$/.sdkman/candidates/java/10.0.1-oracle/lib/src.zip!/jdk.rmic" type="simple" />
            <root url="jar://$USER_HOME$/.sdkman/candidates/java/10.0.1-oracle/lib/src.zip!/jdk.sctp" type="simple" />
            <root url="jar://$USER_HOME$/.sdkman/candidates/java/10.0.1-oracle/lib/src.zip!/java.base" type="simple" />
            <root url="jar://$USER_HOME$/.sdkman/candidates/java/10.0.1-oracle/lib/src.zip!/jdk.jdeps" type="simple" />
            <root url="jar://$USER_HOME$/.sdkman/candidates/java/10.0.1-oracle/lib/src.zip!/jdk.jlink" type="simple" />
            <root url="jar://$USER_HOME$/.sdkman/candidates/java/10.0.1-oracle/lib/src.zip!/jdk.zipfs" type="simple" />
            <root url="jar://$USER_HOME$/.sdkman/candidates/java/10.0.1-oracle/lib/src.zip!/java.corba" type="simple" />
            <root url="jar://$USER_HOME$/.sdkman/candidates/java/10.0.1-oracle/lib/src.zip!/java.prefs" type="simple" />
            <root url="jar://$USER_HOME$/.sdkman/candidates/java/10.0.1-oracle/lib/src.zip!/java.se.ee" type="simple" />
            <root url="jar://$USER_HOME$/.sdkman/candidates/java/10.0.1-oracle/lib/src.zip!/javafx.web" type="simple" />
            <root url="jar://$USER_HOME$/.sdkman/candidates/java/10.0.1-oracle/lib/src.zip!/jdk.attach" type="simple" />
            <root url="jar://$USER_HOME$/.sdkman/candidates/java/10.0.1-oracle/lib/src.zip!/jdk.jshell" type="simple" />
            <root url="jar://$USER_HOME$/.sdkman/candidates/java/10.0.1-oracle/lib/src.zip!/jdk.jstatd" type="simple" />
            <root url="jar://$USER_HOME$/.sdkman/candidates/java/10.0.1-oracle/lib/src.zip!/jdk.xml.ws" type="simple" />
            <root url="jar://$USER_HOME$/.sdkman/candidates/java/10.0.1-oracle/lib/src.zip!/java.naming" type="simple" />
            <root url="jar://$USER_HOME$/.sdkman/candidates/java/10.0.1-oracle/lib/src.zip!/java.xml.ws" type="simple" />
            <root url="jar://$USER_HOME$/.sdkman/candidates/java/10.0.1-oracle/lib/src.zip!/javafx.base" type="simple" />
            <root url="jar://$USER_HOME$/.sdkman/candidates/java/10.0.1-oracle/lib/src.zip!/javafx.fxml" type="simple" />
            <root url="jar://$USER_HOME$/.sdkman/candidates/java/10.0.1-oracle/lib/src.zip!/jdk.editpad" type="simple" />
            <root url="jar://$USER_HOME$/.sdkman/candidates/java/10.0.1-oracle/lib/src.zip!/jdk.jartool" type="simple" />
            <root url="jar://$USER_HOME$/.sdkman/candidates/java/10.0.1-oracle/lib/src.zip!/jdk.javadoc" type="simple" />
            <root url="jar://$USER_HOME$/.sdkman/candidates/java/10.0.1-oracle/lib/src.zip!/jdk.xml.dom" type="simple" />
            <root url="jar://$USER_HOME$/.sdkman/candidates/java/10.0.1-oracle/lib/src.zip!/java.desktop" type="simple" />
            <root url="jar://$USER_HOME$/.sdkman/candidates/java/10.0.1-oracle/lib/src.zip!/java.logging" type="simple" />
            <root url="jar://$USER_HOME$/.sdkman/candidates/java/10.0.1-oracle/lib/src.zip!/javafx.media" type="simple" />
            <root url="jar://$USER_HOME$/.sdkman/candidates/java/10.0.1-oracle/lib/src.zip!/javafx.swing" type="simple" />
            <root url="jar://$USER_HOME$/.sdkman/candidates/java/10.0.1-oracle/lib/src.zip!/jdk.charsets" type="simple" />
            <root url="jar://$USER_HOME$/.sdkman/candidates/java/10.0.1-oracle/lib/src.zip!/jdk.compiler" type="simple" />
            <root url="jar://$USER_HOME$/.sdkman/candidates/java/10.0.1-oracle/lib/src.zip!/jdk.dynalink" type="simple" />
            <root url="jar://$USER_HOME$/.sdkman/candidates/java/10.0.1-oracle/lib/src.zip!/jdk.jconsole" type="simple" />
            <root url="jar://$USER_HOME$/.sdkman/candidates/java/10.0.1-oracle/lib/src.zip!/jdk.jsobject" type="simple" />
            <root url="jar://$USER_HOME$/.sdkman/candidates/java/10.0.1-oracle/lib/src.zip!/jdk.packager" type="simple" />
            <root url="jar://$USER_HOME$/.sdkman/candidates/java/10.0.1-oracle/lib/src.zip!/jdk.xml.bind" type="simple" />
            <root url="jar://$USER_HOME$/.sdkman/candidates/java/10.0.1-oracle/lib/src.zip!/java.compiler" type="simple" />
            <root url="jar://$USER_HOME$/.sdkman/candidates/java/10.0.1-oracle/lib/src.zip!/java.xml.bind" type="simple" />
            <root url="jar://$USER_HOME$/.sdkman/candidates/java/10.0.1-oracle/lib/src.zip!/jdk.crypto.ec" type="simple" />
            <root url="jar://$USER_HOME$/.sdkman/candidates/java/10.0.1-oracle/lib/src.zip!/java.scripting" type="simple" />
            <root url="jar://$USER_HOME$/.sdkman/candidates/java/10.0.1-oracle/lib/src.zip!/jdk.httpserver" type="simple" />
            <root url="jar://$USER_HOME$/.sdkman/candidates/java/10.0.1-oracle/lib/src.zip!/jdk.jdwp.agent" type="simple" />
            <root url="jar://$USER_HOME$/.sdkman/candidates/java/10.0.1-oracle/lib/src.zip!/jdk.localedata" type="simple" />
            <root url="jar://$USER_HOME$/.sdkman/candidates/java/10.0.1-oracle/lib/src.zip!/jdk.management" type="simple" />
            <root url="jar://$USER_HOME$/.sdkman/candidates/java/10.0.1-oracle/lib/src.zip!/jdk.naming.dns" type="simple" />
            <root url="jar://$USER_HOME$/.sdkman/candidates/java/10.0.1-oracle/lib/src.zip!/jdk.naming.rmi" type="simple" />
            <root url="jar://$USER_HOME$/.sdkman/candidates/java/10.0.1-oracle/lib/src.zip!/java.activation" type="simple" />
            <root url="jar://$USER_HOME$/.sdkman/candidates/java/10.0.1-oracle/lib/src.zip!/java.instrument" type="simple" />
            <root url="jar://$USER_HOME$/.sdkman/candidates/java/10.0.1-oracle/lib/src.zip!/java.management" type="simple" />
            <root url="jar://$USER_HOME$/.sdkman/candidates/java/10.0.1-oracle/lib/src.zip!/java.sql.rowset" type="simple" />
            <root url="jar://$USER_HOME$/.sdkman/candidates/java/10.0.1-oracle/lib/src.zip!/java.xml.crypto" type="simple" />
            <root url="jar://$USER_HOME$/.sdkman/candidates/java/10.0.1-oracle/lib/src.zip!/javafx.controls" type="simple" />
            <root url="jar://$USER_HOME$/.sdkman/candidates/java/10.0.1-oracle/lib/src.zip!/javafx.graphics" type="simple" />
            <root url="jar://$USER_HOME$/.sdkman/candidates/java/10.0.1-oracle/lib/src.zip!/jdk.internal.ed" type="simple" />
            <root url="jar://$USER_HOME$/.sdkman/candidates/java/10.0.1-oracle/lib/src.zip!/jdk.internal.le" type="simple" />
            <root url="jar://$USER_HOME$/.sdkman/candidates/java/10.0.1-oracle/lib/src.zip!/jdk.unsupported" type="simple" />
            <root url="jar://$USER_HOME$/.sdkman/candidates/java/10.0.1-oracle/lib/src.zip!/java.smartcardio" type="simple" />
            <root url="jar://$USER_HOME$/.sdkman/candidates/java/10.0.1-oracle/lib/src.zip!/java.transaction" type="simple" />
            <root url="jar://$USER_HOME$/.sdkman/candidates/java/10.0.1-oracle/lib/src.zip!/jdk.internal.opt" type="simple" />
            <root url="jar://$USER_HOME$/.sdkman/candidates/java/10.0.1-oracle/lib/src.zip!/java.datatransfer" type="simple" />
            <root url="jar://$USER_HOME$/.sdkman/candidates/java/10.0.1-oracle/lib/src.zip!/jdk.accessibility" type="simple" />
            <root url="jar://$USER_HOME$/.sdkman/candidates/java/10.0.1-oracle/lib/src.zip!/jdk.hotspot.agent" type="simple" />
            <root url="jar://$USER_HOME$/.sdkman/candidates/java/10.0.1-oracle/lib/src.zip!/jdk.security.auth" type="simple" />
            <root url="jar://$USER_HOME$/.sdkman/candidates/java/10.0.1-oracle/lib/src.zip!/jdk.security.jgss" type="simple" />
            <root url="jar://$USER_HOME$/.sdkman/candidates/java/10.0.1-oracle/lib/src.zip!/java.security.jgss" type="simple" />
            <root url="jar://$USER_HOME$/.sdkman/candidates/java/10.0.1-oracle/lib/src.zip!/java.security.sasl" type="simple" />
            <root url="jar://$USER_HOME$/.sdkman/candidates/java/10.0.1-oracle/lib/src.zip!/jdk.internal.vm.ci" type="simple" />
            <root url="jar://$USER_HOME$/.sdkman/candidates/java/10.0.1-oracle/lib/src.zip!/java.management.rmi" type="simple" />
            <root url="jar://$USER_HOME$/.sdkman/candidates/java/10.0.1-oracle/lib/src.zip!/jdk.crypto.cryptoki" type="simple" />
            <root url="jar://$USER_HOME$/.sdkman/candidates/java/10.0.1-oracle/lib/src.zip!/jdk.internal.jvmstat" type="simple" />
            <root url="jar://$USER_HOME$/.sdkman/candidates/java/10.0.1-oracle/lib/src.zip!/jdk.management.agent" type="simple" />
            <root url="jar://$USER_HOME$/.sdkman/candidates/java/10.0.1-oracle/lib/src.zip!/jdk.packager.services" type="simple" />
            <root url="jar://$USER_HOME$/.sdkman/candidates/java/10.0.1-oracle/lib/src.zip!/jdk.scripting.nashorn" type="simple" />
            <root url="jar://$USER_HOME$/.sdkman/candidates/java/10.0.1-oracle/lib/src.zip!/java.xml.ws.annotation" type="simple" />
            <root url="jar://$USER_HOME$/.sdkman/candidates/java/10.0.1-oracle/lib/src.zip!/jdk.incubator.httpclient" type="simple" />
            <root url="jar://$USER_HOME$/.sdkman/candidates/java/10.0.1-oracle/lib/src.zip!/jdk.internal.vm.compiler" type="simple" />
            <root url="jar://$USER_HOME$/.sdkman/candidates/java/10.0.1-oracle/lib/src.zip!/jdk.scripting.nashorn.shell" type="simple" />
            <root url="jar://$USER_HOME$/.sdkman/candidates/java/10.0.1-oracle/lib/src.zip!/jdk.internal.vm.compiler.management" type="simple" />
          </root>
        </sourcePath>
      </roots>
      <additional />
    </jdk>
    <jdk version="2">
      <name value="11" />
      <type value="JavaSDK" />
      <version value="java version &quot;11.0.1&quot;" />
      <homePath value="$USER_HOME$/.sdkman/candidates/java/11.0.1-open" />
      <roots>
        <annotationsPath>
          <root type="composite">
            <root url="jar://$APPLICATION_HOME_DIR$/lib/jdkAnnotations.jar!/" type="simple" />
          </root>
        </annotationsPath>
        <classPath>
          <root type="composite">
            <root url="jrt:///home/artur/.sdkman/candidates/java/11.0.1-open!/java.base" type="simple" />
            <root url="jrt:///home/artur/.sdkman/candidates/java/11.0.1-open!/java.compiler" type="simple" />
            <root url="jrt:///home/artur/.sdkman/candidates/java/11.0.1-open!/java.datatransfer" type="simple" />
            <root url="jrt:///home/artur/.sdkman/candidates/java/11.0.1-open!/java.desktop" type="simple" />
            <root url="jrt:///home/artur/.sdkman/candidates/java/11.0.1-open!/java.instrument" type="simple" />
            <root url="jrt:///home/artur/.sdkman/candidates/java/11.0.1-open!/java.logging" type="simple" />
            <root url="jrt:///home/artur/.sdkman/candidates/java/11.0.1-open!/java.management" type="simple" />
            <root url="jrt:///home/artur/.sdkman/candidates/java/11.0.1-open!/java.management.rmi" type="simple" />
            <root url="jrt:///home/artur/.sdkman/candidates/java/11.0.1-open!/java.naming" type="simple" />
            <root url="jrt:///home/artur/.sdkman/candidates/java/11.0.1-open!/java.net.http" type="simple" />
            <root url="jrt:///home/artur/.sdkman/candidates/java/11.0.1-open!/java.prefs" type="simple" />
            <root url="jrt:///home/artur/.sdkman/candidates/java/11.0.1-open!/java.rmi" type="simple" />
            <root url="jrt:///home/artur/.sdkman/candidates/java/11.0.1-open!/java.scripting" type="simple" />
            <root url="jrt:///home/artur/.sdkman/candidates/java/11.0.1-open!/java.se" type="simple" />
            <root url="jrt:///home/artur/.sdkman/candidates/java/11.0.1-open!/java.security.jgss" type="simple" />
            <root url="jrt:///home/artur/.sdkman/candidates/java/11.0.1-open!/java.security.sasl" type="simple" />
            <root url="jrt:///home/artur/.sdkman/candidates/java/11.0.1-open!/java.smartcardio" type="simple" />
            <root url="jrt:///home/artur/.sdkman/candidates/java/11.0.1-open!/java.sql" type="simple" />
            <root url="jrt:///home/artur/.sdkman/candidates/java/11.0.1-open!/java.sql.rowset" type="simple" />
            <root url="jrt:///home/artur/.sdkman/candidates/java/11.0.1-open!/java.transaction.xa" type="simple" />
            <root url="jrt:///home/artur/.sdkman/candidates/java/11.0.1-open!/java.xml" type="simple" />
            <root url="jrt:///home/artur/.sdkman/candidates/java/11.0.1-open!/java.xml.crypto" type="simple" />
            <root url="jrt:///home/artur/.sdkman/candidates/java/11.0.1-open!/jdk.accessibility" type="simple" />
            <root url="jrt:///home/artur/.sdkman/candidates/java/11.0.1-open!/jdk.aot" type="simple" />
            <root url="jrt:///home/artur/.sdkman/candidates/java/11.0.1-open!/jdk.attach" type="simple" />
            <root url="jrt:///home/artur/.sdkman/candidates/java/11.0.1-open!/jdk.charsets" type="simple" />
            <root url="jrt:///home/artur/.sdkman/candidates/java/11.0.1-open!/jdk.compiler" type="simple" />
            <root url="jrt:///home/artur/.sdkman/candidates/java/11.0.1-open!/jdk.crypto.cryptoki" type="simple" />
            <root url="jrt:///home/artur/.sdkman/candidates/java/11.0.1-open!/jdk.crypto.ec" type="simple" />
            <root url="jrt:///home/artur/.sdkman/candidates/java/11.0.1-open!/jdk.dynalink" type="simple" />
            <root url="jrt:///home/artur/.sdkman/candidates/java/11.0.1-open!/jdk.editpad" type="simple" />
            <root url="jrt:///home/artur/.sdkman/candidates/java/11.0.1-open!/jdk.hotspot.agent" type="simple" />
            <root url="jrt:///home/artur/.sdkman/candidates/java/11.0.1-open!/jdk.httpserver" type="simple" />
            <root url="jrt:///home/artur/.sdkman/candidates/java/11.0.1-open!/jdk.internal.ed" type="simple" />
            <root url="jrt:///home/artur/.sdkman/candidates/java/11.0.1-open!/jdk.internal.jvmstat" type="simple" />
            <root url="jrt:///home/artur/.sdkman/candidates/java/11.0.1-open!/jdk.internal.le" type="simple" />
            <root url="jrt:///home/artur/.sdkman/candidates/java/11.0.1-open!/jdk.internal.opt" type="simple" />
            <root url="jrt:///home/artur/.sdkman/candidates/java/11.0.1-open!/jdk.internal.vm.ci" type="simple" />
            <root url="jrt:///home/artur/.sdkman/candidates/java/11.0.1-open!/jdk.internal.vm.compiler" type="simple" />
            <root url="jrt:///home/artur/.sdkman/candidates/java/11.0.1-open!/jdk.internal.vm.compiler.management" type="simple" />
            <root url="jrt:///home/artur/.sdkman/candidates/java/11.0.1-open!/jdk.jartool" type="simple" />
            <root url="jrt:///home/artur/.sdkman/candidates/java/11.0.1-open!/jdk.javadoc" type="simple" />
            <root url="jrt:///home/artur/.sdkman/candidates/java/11.0.1-open!/jdk.jcmd" type="simple" />
            <root url="jrt:///home/artur/.sdkman/candidates/java/11.0.1-open!/jdk.jconsole" type="simple" />
            <root url="jrt:///home/artur/.sdkman/candidates/java/11.0.1-open!/jdk.jdeps" type="simple" />
            <root url="jrt:///home/artur/.sdkman/candidates/java/11.0.1-open!/jdk.jdi" type="simple" />
            <root url="jrt:///home/artur/.sdkman/candidates/java/11.0.1-open!/jdk.jdwp.agent" type="simple" />
            <root url="jrt:///home/artur/.sdkman/candidates/java/11.0.1-open!/jdk.jfr" type="simple" />
            <root url="jrt:///home/artur/.sdkman/candidates/java/11.0.1-open!/jdk.jlink" type="simple" />
            <root url="jrt:///home/artur/.sdkman/candidates/java/11.0.1-open!/jdk.jshell" type="simple" />
            <root url="jrt:///home/artur/.sdkman/candidates/java/11.0.1-open!/jdk.jsobject" type="simple" />
            <root url="jrt:///home/artur/.sdkman/candidates/java/11.0.1-open!/jdk.jstatd" type="simple" />
            <root url="jrt:///home/artur/.sdkman/candidates/java/11.0.1-open!/jdk.localedata" type="simple" />
            <root url="jrt:///home/artur/.sdkman/candidates/java/11.0.1-open!/jdk.management" type="simple" />
            <root url="jrt:///home/artur/.sdkman/candidates/java/11.0.1-open!/jdk.management.agent" type="simple" />
            <root url="jrt:///home/artur/.sdkman/candidates/java/11.0.1-open!/jdk.management.jfr" type="simple" />
            <root url="jrt:///home/artur/.sdkman/candidates/java/11.0.1-open!/jdk.naming.dns" type="simple" />
            <root url="jrt:///home/artur/.sdkman/candidates/java/11.0.1-open!/jdk.naming.rmi" type="simple" />
            <root url="jrt:///home/artur/.sdkman/candidates/java/11.0.1-open!/jdk.net" type="simple" />
            <root url="jrt:///home/artur/.sdkman/candidates/java/11.0.1-open!/jdk.pack" type="simple" />
            <root url="jrt:///home/artur/.sdkman/candidates/java/11.0.1-open!/jdk.rmic" type="simple" />
            <root url="jrt:///home/artur/.sdkman/candidates/java/11.0.1-open!/jdk.scripting.nashorn" type="simple" />
            <root url="jrt:///home/artur/.sdkman/candidates/java/11.0.1-open!/jdk.scripting.nashorn.shell" type="simple" />
            <root url="jrt:///home/artur/.sdkman/candidates/java/11.0.1-open!/jdk.sctp" type="simple" />
            <root url="jrt:///home/artur/.sdkman/candidates/java/11.0.1-open!/jdk.security.auth" type="simple" />
            <root url="jrt:///home/artur/.sdkman/candidates/java/11.0.1-open!/jdk.security.jgss" type="simple" />
            <root url="jrt:///home/artur/.sdkman/candidates/java/11.0.1-open!/jdk.unsupported" type="simple" />
            <root url="jrt:///home/artur/.sdkman/candidates/java/11.0.1-open!/jdk.unsupported.desktop" type="simple" />
            <root url="jrt:///home/artur/.sdkman/candidates/java/11.0.1-open!/jdk.xml.dom" type="simple" />
            <root url="jrt:///home/artur/.sdkman/candidates/java/11.0.1-open!/jdk.zipfs" type="simple" />
          </root>
        </classPath>
        <javadocPath>
          <root type="composite" />
        </javadocPath>
        <sourcePath>
          <root type="composite">
            <root url="jar://$USER_HOME$/.sdkman/candidates/java/11.0.1-open/lib/src.zip!/java.se" type="simple" />
            <root url="jar://$USER_HOME$/.sdkman/candidates/java/11.0.1-open/lib/src.zip!/jdk.aot" type="simple" />
            <root url="jar://$USER_HOME$/.sdkman/candidates/java/11.0.1-open/lib/src.zip!/jdk.jdi" type="simple" />
            <root url="jar://$USER_HOME$/.sdkman/candidates/java/11.0.1-open/lib/src.zip!/jdk.jfr" type="simple" />
            <root url="jar://$USER_HOME$/.sdkman/candidates/java/11.0.1-open/lib/src.zip!/jdk.net" type="simple" />
            <root url="jar://$USER_HOME$/.sdkman/candidates/java/11.0.1-open/lib/src.zip!/java.rmi" type="simple" />
            <root url="jar://$USER_HOME$/.sdkman/candidates/java/11.0.1-open/lib/src.zip!/java.sql" type="simple" />
            <root url="jar://$USER_HOME$/.sdkman/candidates/java/11.0.1-open/lib/src.zip!/java.xml" type="simple" />
            <root url="jar://$USER_HOME$/.sdkman/candidates/java/11.0.1-open/lib/src.zip!/jdk.jcmd" type="simple" />
            <root url="jar://$USER_HOME$/.sdkman/candidates/java/11.0.1-open/lib/src.zip!/jdk.pack" type="simple" />
            <root url="jar://$USER_HOME$/.sdkman/candidates/java/11.0.1-open/lib/src.zip!/jdk.rmic" type="simple" />
            <root url="jar://$USER_HOME$/.sdkman/candidates/java/11.0.1-open/lib/src.zip!/jdk.sctp" type="simple" />
            <root url="jar://$USER_HOME$/.sdkman/candidates/java/11.0.1-open/lib/src.zip!/java.base" type="simple" />
            <root url="jar://$USER_HOME$/.sdkman/candidates/java/11.0.1-open/lib/src.zip!/jdk.jdeps" type="simple" />
            <root url="jar://$USER_HOME$/.sdkman/candidates/java/11.0.1-open/lib/src.zip!/jdk.jlink" type="simple" />
            <root url="jar://$USER_HOME$/.sdkman/candidates/java/11.0.1-open/lib/src.zip!/jdk.zipfs" type="simple" />
            <root url="jar://$USER_HOME$/.sdkman/candidates/java/11.0.1-open/lib/src.zip!/java.prefs" type="simple" />
            <root url="jar://$USER_HOME$/.sdkman/candidates/java/11.0.1-open/lib/src.zip!/jdk.attach" type="simple" />
            <root url="jar://$USER_HOME$/.sdkman/candidates/java/11.0.1-open/lib/src.zip!/jdk.jshell" type="simple" />
            <root url="jar://$USER_HOME$/.sdkman/candidates/java/11.0.1-open/lib/src.zip!/jdk.jstatd" type="simple" />
            <root url="jar://$USER_HOME$/.sdkman/candidates/java/11.0.1-open/lib/src.zip!/java.naming" type="simple" />
            <root url="jar://$USER_HOME$/.sdkman/candidates/java/11.0.1-open/lib/src.zip!/jdk.editpad" type="simple" />
            <root url="jar://$USER_HOME$/.sdkman/candidates/java/11.0.1-open/lib/src.zip!/jdk.jartool" type="simple" />
            <root url="jar://$USER_HOME$/.sdkman/candidates/java/11.0.1-open/lib/src.zip!/jdk.javadoc" type="simple" />
            <root url="jar://$USER_HOME$/.sdkman/candidates/java/11.0.1-open/lib/src.zip!/jdk.xml.dom" type="simple" />
            <root url="jar://$USER_HOME$/.sdkman/candidates/java/11.0.1-open/lib/src.zip!/java.desktop" type="simple" />
            <root url="jar://$USER_HOME$/.sdkman/candidates/java/11.0.1-open/lib/src.zip!/java.logging" type="simple" />
            <root url="jar://$USER_HOME$/.sdkman/candidates/java/11.0.1-open/lib/src.zip!/jdk.charsets" type="simple" />
            <root url="jar://$USER_HOME$/.sdkman/candidates/java/11.0.1-open/lib/src.zip!/jdk.compiler" type="simple" />
            <root url="jar://$USER_HOME$/.sdkman/candidates/java/11.0.1-open/lib/src.zip!/jdk.dynalink" type="simple" />
            <root url="jar://$USER_HOME$/.sdkman/candidates/java/11.0.1-open/lib/src.zip!/jdk.jconsole" type="simple" />
            <root url="jar://$USER_HOME$/.sdkman/candidates/java/11.0.1-open/lib/src.zip!/jdk.jsobject" type="simple" />
            <root url="jar://$USER_HOME$/.sdkman/candidates/java/11.0.1-open/lib/src.zip!/java.compiler" type="simple" />
            <root url="jar://$USER_HOME$/.sdkman/candidates/java/11.0.1-open/lib/src.zip!/java.net.http" type="simple" />
            <root url="jar://$USER_HOME$/.sdkman/candidates/java/11.0.1-open/lib/src.zip!/jdk.crypto.ec" type="simple" />
            <root url="jar://$USER_HOME$/.sdkman/candidates/java/11.0.1-open/lib/src.zip!/java.scripting" type="simple" />
            <root url="jar://$USER_HOME$/.sdkman/candidates/java/11.0.1-open/lib/src.zip!/jdk.httpserver" type="simple" />
            <root url="jar://$USER_HOME$/.sdkman/candidates/java/11.0.1-open/lib/src.zip!/jdk.jdwp.agent" type="simple" />
            <root url="jar://$USER_HOME$/.sdkman/candidates/java/11.0.1-open/lib/src.zip!/jdk.localedata" type="simple" />
            <root url="jar://$USER_HOME$/.sdkman/candidates/java/11.0.1-open/lib/src.zip!/jdk.management" type="simple" />
            <root url="jar://$USER_HOME$/.sdkman/candidates/java/11.0.1-open/lib/src.zip!/jdk.naming.dns" type="simple" />
            <root url="jar://$USER_HOME$/.sdkman/candidates/java/11.0.1-open/lib/src.zip!/jdk.naming.rmi" type="simple" />
            <root url="jar://$USER_HOME$/.sdkman/candidates/java/11.0.1-open/lib/src.zip!/java.instrument" type="simple" />
            <root url="jar://$USER_HOME$/.sdkman/candidates/java/11.0.1-open/lib/src.zip!/java.management" type="simple" />
            <root url="jar://$USER_HOME$/.sdkman/candidates/java/11.0.1-open/lib/src.zip!/java.sql.rowset" type="simple" />
            <root url="jar://$USER_HOME$/.sdkman/candidates/java/11.0.1-open/lib/src.zip!/java.xml.crypto" type="simple" />
            <root url="jar://$USER_HOME$/.sdkman/candidates/java/11.0.1-open/lib/src.zip!/jdk.internal.ed" type="simple" />
            <root url="jar://$USER_HOME$/.sdkman/candidates/java/11.0.1-open/lib/src.zip!/jdk.internal.le" type="simple" />
            <root url="jar://$USER_HOME$/.sdkman/candidates/java/11.0.1-open/lib/src.zip!/jdk.unsupported" type="simple" />
            <root url="jar://$USER_HOME$/.sdkman/candidates/java/11.0.1-open/lib/src.zip!/java.smartcardio" type="simple" />
            <root url="jar://$USER_HOME$/.sdkman/candidates/java/11.0.1-open/lib/src.zip!/jdk.internal.opt" type="simple" />
            <root url="jar://$USER_HOME$/.sdkman/candidates/java/11.0.1-open/lib/src.zip!/java.datatransfer" type="simple" />
            <root url="jar://$USER_HOME$/.sdkman/candidates/java/11.0.1-open/lib/src.zip!/jdk.accessibility" type="simple" />
            <root url="jar://$USER_HOME$/.sdkman/candidates/java/11.0.1-open/lib/src.zip!/jdk.hotspot.agent" type="simple" />
            <root url="jar://$USER_HOME$/.sdkman/candidates/java/11.0.1-open/lib/src.zip!/jdk.security.auth" type="simple" />
            <root url="jar://$USER_HOME$/.sdkman/candidates/java/11.0.1-open/lib/src.zip!/jdk.security.jgss" type="simple" />
            <root url="jar://$USER_HOME$/.sdkman/candidates/java/11.0.1-open/lib/src.zip!/java.security.jgss" type="simple" />
            <root url="jar://$USER_HOME$/.sdkman/candidates/java/11.0.1-open/lib/src.zip!/java.security.sasl" type="simple" />
            <root url="jar://$USER_HOME$/.sdkman/candidates/java/11.0.1-open/lib/src.zip!/jdk.internal.vm.ci" type="simple" />
            <root url="jar://$USER_HOME$/.sdkman/candidates/java/11.0.1-open/lib/src.zip!/jdk.management.jfr" type="simple" />
            <root url="jar://$USER_HOME$/.sdkman/candidates/java/11.0.1-open/lib/src.zip!/java.management.rmi" type="simple" />
            <root url="jar://$USER_HOME$/.sdkman/candidates/java/11.0.1-open/lib/src.zip!/java.transaction.xa" type="simple" />
            <root url="jar://$USER_HOME$/.sdkman/candidates/java/11.0.1-open/lib/src.zip!/jdk.crypto.cryptoki" type="simple" />
            <root url="jar://$USER_HOME$/.sdkman/candidates/java/11.0.1-open/lib/src.zip!/jdk.internal.jvmstat" type="simple" />
            <root url="jar://$USER_HOME$/.sdkman/candidates/java/11.0.1-open/lib/src.zip!/jdk.management.agent" type="simple" />
            <root url="jar://$USER_HOME$/.sdkman/candidates/java/11.0.1-open/lib/src.zip!/jdk.scripting.nashorn" type="simple" />
            <root url="jar://$USER_HOME$/.sdkman/candidates/java/11.0.1-open/lib/src.zip!/jdk.unsupported.desktop" type="simple" />
            <root url="jar://$USER_HOME$/.sdkman/candidates/java/11.0.1-open/lib/src.zip!/jdk.internal.vm.compiler" type="simple" />
            <root url="jar://$USER_HOME$/.sdkman/candidates/java/11.0.1-open/lib/src.zip!/jdk.scripting.nashorn.shell" type="simple" />
            <root url="jar://$USER_HOME$/.sdkman/candidates/java/11.0.1-open/lib/src.zip!/jdk.internal.vm.compiler.management" type="simple" />
          </root>
        </sourcePath>
      </roots>
      <additional />
    </jdk>
  </component>
</application>