<application>
  <component name="KeyPromoterXStatistic">
    <option name="statistics">
      <Statistic Action="Attach Gradle project">
        <Item>
          <IdeaActionID>ExternalSystem.AttachProject</IdeaActionID>
          <ShortCut>'Alt+., Alt+E'</ShortCut>
          <Description>Attach Gradle project</Description>
          <Count>4</Count>
        </Item>
      </Statistic>
      <Statistic Action="Copy">
        <Item>
          <IdeaActionID>$Copy</IdeaActionID>
          <ShortCut>'Ctrl+C' or 'Ctrl+Insert'</ShortCut>
          <Description>Copy</Description>
          <Count>2</Count>
        </Item>
      </Statistic>
      <Statistic Action="Copy Path">
        <Item>
          <IdeaActionID>CopyPaths</IdeaActionID>
          <ShortCut>'Ctrl+Shift+C'</ShortCut>
          <Description>Copy Path</Description>
          <Count>2</Count>
        </Item>
      </Statistic>
      <Statistic Action="Copy Relative Path">
        <Item>
          <IdeaActionID>CopyReference</IdeaActionID>
          <ShortCut>'Ctrl+Alt+Shift+C'</ShortCut>
          <Description>Copy Relative Path</Description>
          <Count>5</Count>
        </Item>
      </Statistic>
      <Statistic Action="Copy Value">
        <Item>
          <IdeaActionID>XDebugger.CopyValue</IdeaActionID>
          <ShortCut>'Ctrl+C' or 'Ctrl+Insert'</ShortCut>
          <Description>Copy Value</Description>
          <Count>1</Count>
        </Item>
      </Statistic>
      <Statistic Action="Delete">
        <Item>
          <IdeaActionID>$Delete</IdeaActionID>
          <ShortCut>'Delete'</ShortCut>
          <Description>Delete</Description>
          <Count>1</Count>
        </Item>
      </Statistic>
      <Statistic Action="Detach Gradle project">
        <Item>
          <IdeaActionID>ExternalSystem.DetachProject</IdeaActionID>
          <ShortCut>'Delete'</ShortCut>
          <Description>Detach Gradle project</Description>
          <Count>4</Count>
        </Item>
      </Statistic>
      <Statistic Action="Home Directory">
        <Item>
          <IdeaActionID>FileChooser.GotoHome</IdeaActionID>
          <ShortCut>'Ctrl+1'</ShortCut>
          <Description>Home Directory</Description>
          <Count>2</Count>
        </Item>
      </Statistic>
      <Statistic Action="New Watch...">
        <Item>
          <IdeaActionID>XDebugger.NewWatch</IdeaActionID>
          <ShortCut>'Insert'</ShortCut>
          <Description>New Watch...</Description>
          <Count>58</Count>
        </Item>
      </Statistic>
      <Statistic Action="Paste">
        <Item>
          <IdeaActionID>$Paste</IdeaActionID>
          <ShortCut>'Ctrl+V' or 'Shift+Insert'</ShortCut>
          <Description>Paste</Description>
          <Count>1</Count>
        </Item>
      </Statistic>
      <Statistic Action="Paste from X clipboard">
        <Item>
          <IdeaActionID>EditorPasteFromX11</IdeaActionID>
          <ShortCut>'Button2 Click'</ShortCut>
          <Description>Paste from X clipboard</Description>
          <Count>19</Count>
        </Item>
      </Statistic>
      <Statistic Action="Reformat Code">
        <Item>
          <IdeaActionID>ReformatCode</IdeaActionID>
          <ShortCut>'Ctrl+Alt+L'</ShortCut>
          <Description>Reformat Code</Description>
          <Count>2</Count>
        </Item>
      </Statistic>
      <Statistic Action="Refresh">
        <Item>
          <IdeaActionID>FileChooser.Refresh</IdeaActionID>
          <ShortCut>'Ctrl+Alt+Y'</ShortCut>
          <Description>Refresh</Description>
          <Count>3</Count>
        </Item>
      </Statistic>
      <Statistic Action="Refresh all Gradle projects">
        <Item>
          <IdeaActionID>ExternalSystem.RefreshAllProjects</IdeaActionID>
          <ShortCut>'Alt+., Alt+G'</ShortCut>
          <Description>Refresh all Gradle projects</Description>
          <Count>9</Count>
        </Item>
      </Statistic>
      <Statistic Action="Rerun 'NodeTraversingSpec'">
        <Item>
          <IdeaActionID>Rerun</IdeaActionID>
          <ShortCut>'Ctrl+F5'</ShortCut>
          <Description>Rerun 'NodeTraversingSpec'</Description>
          <Count>1</Count>
        </Item>
      </Statistic>
      <Statistic Action="Rerun 'TicketsIT'">
        <Item>
          <IdeaActionID>Rerun</IdeaActionID>
          <ShortCut>'Ctrl+F5'</ShortCut>
          <Description>Rerun 'TicketsIT'</Description>
          <Count>1</Count>
        </Item>
      </Statistic>
      <Statistic Action="Rerun 'Whole project (1)'">
        <Item>
          <IdeaActionID>Rerun</IdeaActionID>
          <ShortCut>'Ctrl+F5'</ShortCut>
          <Description>Rerun 'Whole project (1)'</Description>
          <Count>6</Count>
        </Item>
      </Statistic>
      <Statistic Action="Rerun 'Whole project'">
        <Item>
          <IdeaActionID>Rerun</IdeaActionID>
          <ShortCut>'Ctrl+F5'</ShortCut>
          <Description>Rerun 'Whole project'</Description>
          <Count>1</Count>
        </Item>
      </Statistic>
      <Statistic Action="Rerun 'io.github.pk.PkApplicationKt'">
        <Item>
          <IdeaActionID>Rerun</IdeaActionID>
          <ShortCut>'Ctrl+F5'</ShortCut>
          <Description>Rerun 'io.github.pk.PkApplicationKt'</Description>
          <Count>1</Count>
        </Item>
      </Statistic>
      <Statistic Action="Rerun 'io.gitlab.arturbosch.dashboard.App'">
        <Item>
          <IdeaActionID>Rerun</IdeaActionID>
          <ShortCut>'Ctrl+F5'</ShortCut>
          <Description>Rerun 'io.gitlab.arturbosch.dashboard.App'</Description>
          <Count>1</Count>
        </Item>
      </Statistic>
      <Statistic Action="Rerun 'io.gitlab.arturbosch.dashboard.DashboardAppKt'">
        <Item>
          <IdeaActionID>Rerun</IdeaActionID>
          <ShortCut>'Ctrl+F5'</ShortCut>
          <Description>Rerun 'io.gitlab.arturbosch.dashboard.DashboardAppKt'</Description>
          <Count>1</Count>
        </Item>
      </Statistic>
      <Statistic Action="Rerun 'io.gitlab.arturbosch.detekt.DetektTaskKotlinDslTest'">
        <Item>
          <IdeaActionID>Rerun</IdeaActionID>
          <ShortCut>'Ctrl+F5'</ShortCut>
          <Description>Rerun 'io.gitlab.arturbosch.detekt.DetektTaskKotlinDslTest'</Description>
          <Count>1</Count>
        </Item>
      </Statistic>
      <Statistic Action="Rerun 'io.gitlab.arturbosch.detekt.DetektTaskKotlinDslTest-&gt;describe The Detekt Gradle plugin used in a build.gradle.kts file-&gt;it can be applied with a full config'">
        <Item>
          <IdeaActionID>Rerun</IdeaActionID>
          <ShortCut>'Ctrl+F5'</ShortCut>
          <Description>Rerun 'io.gitlab.arturbosch.detekt.DetektTaskKotlinDslTest-&gt;describe The Detekt Gradle plugin used in a build.gradle.kts file-&gt;it can be applied with a full config'</Description>
          <Count>1</Count>
        </Item>
      </Statistic>
      <Statistic Action="Rerun 'io.gitlab.arturbosch.detekt.rules.style.UnusedPrivateMemberSpec'">
        <Item>
          <IdeaActionID>Rerun</IdeaActionID>
          <ShortCut>'Ctrl+F5'</ShortCut>
          <Description>Rerun 'io.gitlab.arturbosch.detekt.rules.style.UnusedPrivateMemberSpec'</Description>
          <Count>1</Count>
        </Item>
      </Statistic>
      <Statistic Action="Rerun 'io.gitlab.arturbosch.quide.dashboard.server.worker.SystemSpec'">
        <Item>
          <IdeaActionID>Rerun</IdeaActionID>
          <ShortCut>'Ctrl+F5'</ShortCut>
          <Description>Rerun 'io.gitlab.arturbosch.quide.dashboard.server.worker.SystemSpec'</Description>
          <Count>2</Count>
        </Item>
      </Statistic>
      <Statistic Action="Rerun 'io.gitlab.arturbosch.quide.shell.MainKt'">
        <Item>
          <IdeaActionID>Rerun</IdeaActionID>
          <ShortCut>'Ctrl+F5'</ShortCut>
          <Description>Rerun 'io.gitlab.arturbosch.quide.shell.MainKt'</Description>
          <Count>1</Count>
        </Item>
      </Statistic>
      <Statistic Action="Revert...">
        <Item>
          <IdeaActionID>ChangesView.Revert</IdeaActionID>
          <ShortCut>'Ctrl+Alt+Z'</ShortCut>
          <Description>Revert...</Description>
          <Count>1</Count>
        </Item>
      </Statistic>
      <Statistic Action="Run 'All Tests'">
        <Item>
          <IdeaActionID>RunClass</IdeaActionID>
          <ShortCut>'Ctrl+Shift+F10'</ShortCut>
          <Description>Run 'All Tests'</Description>
          <Count>4</Count>
        </Item>
      </Statistic>
      <Statistic Action="Run 'playgroud'">
        <Item>
          <IdeaActionID>RunClass</IdeaActionID>
          <ShortCut>'Ctrl+Shift+F10'</ShortCut>
          <Description>Run 'playgroud'</Description>
          <Count>1</Count>
        </Item>
      </Statistic>
      <Statistic Action="Show Diff">
        <Item>
          <IdeaActionID>Diff.ShowDiff</IdeaActionID>
          <ShortCut>'Ctrl+D'</ShortCut>
          <Description>Show Diff</Description>
          <Count>1</Count>
        </Item>
      </Statistic>
      <Statistic Action="Stop 'Server'">
        <Item>
          <IdeaActionID>Stop</IdeaActionID>
          <ShortCut>'Ctrl+F2'</ShortCut>
          <Description>Stop 'Server'</Description>
          <Count>2</Count>
        </Item>
      </Statistic>
      <Statistic Action="Stop 'gred [dependencies]'">
        <Item>
          <IdeaActionID>Stop</IdeaActionID>
          <ShortCut>'Ctrl+F2'</ShortCut>
          <Description>Stop 'gred [dependencies]'</Description>
          <Count>1</Count>
        </Item>
      </Statistic>
      <Statistic Action="Stop 'io.gitlab.arturbosch.ksh.MainKt'">
        <Item>
          <IdeaActionID>Stop</IdeaActionID>
          <ShortCut>'Ctrl+F2'</ShortCut>
          <Description>Stop 'io.gitlab.arturbosch.ksh.MainKt'</Description>
          <Count>1</Count>
        </Item>
      </Statistic>
      <Statistic Action="Stop 'io.gitlab.arturbosch.quide.dashboard.server.worker.SystemSpec'">
        <Item>
          <IdeaActionID>Stop</IdeaActionID>
          <ShortCut>'Ctrl+F2'</ShortCut>
          <Description>Stop 'io.gitlab.arturbosch.quide.dashboard.server.worker.SystemSpec'</Description>
          <Count>2</Count>
        </Item>
      </Statistic>
      <Statistic Action="Stop 'io.gitlab.arturbosch.quide.shell.MainKt'">
        <Item>
          <IdeaActionID>Stop</IdeaActionID>
          <ShortCut>'Ctrl+F2'</ShortCut>
          <Description>Stop 'io.gitlab.arturbosch.quide.shell.MainKt'</Description>
          <Count>1</Count>
        </Item>
      </Statistic>
      <Statistic Action="Stop 'quide [build]'">
        <Item>
          <IdeaActionID>Stop</IdeaActionID>
          <ShortCut>'Ctrl+F2'</ShortCut>
          <Description>Stop 'quide [build]'</Description>
          <Count>1</Count>
        </Item>
      </Statistic>
      <Statistic Action="Toggle Line Breakpoint">
        <Item>
          <IdeaActionID>ToggleLineBreakpoint</IdeaActionID>
          <ShortCut>'Ctrl+F8'</ShortCut>
          <Description>Toggle Line Breakpoint</Description>
          <Count>42</Count>
        </Item>
      </Statistic>
      <Statistic Action="View Breakpoints...">
        <Item>
          <IdeaActionID>ViewBreakpoints</IdeaActionID>
          <ShortCut>'Ctrl+Shift+F8'</ShortCut>
          <Description>View Breakpoints...</Description>
          <Count>3</Count>
        </Item>
      </Statistic>
    </option>
    <option name="suppressed">
      <Statistic Action="Declaration">
        <Item>
          <IdeaActionID>GotoDeclaration</IdeaActionID>
          <ShortCut>'Ctrl+B' or 'Ctrl+Button1 Click'</ShortCut>
          <Description>Declaration</Description>
          <Count>85</Count>
        </Item>
      </Statistic>
      <Statistic Action="Declaration or Usages">
        <Item>
          <IdeaActionID>GotoDeclaration</IdeaActionID>
          <ShortCut>'Ctrl+B'</ShortCut>
          <Description>Declaration or Usages</Description>
          <Count>3</Count>
        </Item>
      </Statistic>
    </option>
  </component>
</application>