<application>
  <component name="NotificationConfiguration">
    <notification groupId=".ignore plugin" displayType="STICKY_BALLOON" shouldLog="false" />
    <notification groupId=".ignore plugin update information" displayType="NONE" />
    <notification groupId="Configure Kotlin: info notification" displayType="NONE" />
    <notification groupId="Cursive Licence" displayType="NONE" />
    <notification groupId="New.course" displayType="NONE" />
    <notification groupId="Outdated Kotlin Runtime" shouldLog="false" />
    <notification groupId="Unindexed maven repositories gradle detection" displayType="NONE" shouldLog="false" />
    <notification groupId="Vcs Notifications" displayType="NONE" />
  </component>
</application>