<application>
  <component name="CodeStyleSchemesUIConfiguration">
    <option name="RECENT_IMPORT_FILE_LOCATION" value="file:$USER_HOME$/Repos/javaparser/dev-files/JavaParser-idea.xml" />
  </component>
  <component name="CvsApplicationLevelConfiguration">
    <option name="PATH_TO_PASSWORD_FILE" value="$userdir/.cvspass" />
  </component>
  <component name="EduSettings">
    <option name="lastTimeChecked" value="1546773667714" />
    <option name="shownCourseIds">
      <set>
        <option value="33949" />
        <option value="50282" />
        <option value="50745" />
        <option value="50785" />
        <option value="51084" />
      </set>
    </option>
  </component>
  <component name="ErrorReportConfigurable">
    <option name="ITN_LOGIN" value="" />
    <option name="ITN_PASSWORD_CRYPT" value="" />
    <option name="KEEP_ITN_PASSWORD" value="false" />
    <option name="EMAIL" value="" />
  </component>
  <component name="ImportConfiguration">
    <option name="VENDOR" />
    <option name="RELEASE_TAG" />
    <option name="LOG_MESSAGE" />
    <option name="CHECKOUT_AFTER_IMPORT" value="true" />
    <option name="KEYWORD_SUBSTITUTION_WRAPPERS" value="" />
    <option name="MAKE_NEW_FILES_READ_ONLY" value="false" />
  </component>
  <component name="WebServicesPluginSettings">
    <StubPackage>io.gitlab.arturbosch.quide.format.generated</StubPackage>
    <JAXBUrl>file:$USER_HOME$/Repos/quide/quide-smell-baseline-format/src/main/resources/smell-baseline.xsd</JAXBUrl>
  </component>
</application>