<application>
  <component name="ProjectManager">
    <defaultProject>
      <component name="ClojureProjectResolveSettings">
        <currentScheme>IDE</currentScheme>
      </component>
      <component name="DefaultGradleProjectSettings">
        <option name="isMigrated" value="true" />
      </component>
      <component name="GradleLocalSettings">
        <option name="modificationStamps">
          <map>
            <entry key="$USER_HOME$/Arbeit/tools/ismell" value="1468833430487" />
            <entry key="$USER_HOME$/Repos/IDEmm" value="2941798431950" />
            <entry key="$USER_HOME$/Repos/JPAL" value="2941358975551" />
            <entry key="$USER_HOME$/Repos/LangSandbox" value="1486111189942" />
            <entry key="$USER_HOME$/Repos/LiveDirsFX" value="5899340013319" />
            <entry key="$USER_HOME$/Repos/SmellyJ" value="2938072210638" />
            <entry key="$USER_HOME$/Repos/SmellyJ/SmellyJ2" value="2938021858236" />
            <entry key="$USER_HOME$/Repos/Spring5ReactiveWebExample" value="1470040260000" />
            <entry key="$USER_HOME$/Repos/TinboBoard" value="1476367058375" />
            <entry key="$USER_HOME$/Repos/gumtree" value="2971886501720" />
            <entry key="$USER_HOME$/Repos/javasymbolsolver" value="2966602220127" />
            <entry key="$USER_HOME$/Repos/kanvas" value="2968175813806" />
            <entry key="$USER_HOME$/Repos/quide" value="2963430097210" />
          </map>
        </option>
        <option name="projectSyncType">
          <map>
            <entry key="$USER_HOME$/AGST/tools/detection/libismell" value="PREVIEW" />
            <entry key="$USER_HOME$/Repos/Test/detekt-intellij-plugin" value="PREVIEW" />
            <entry key="$USER_HOME$/Repos/Test/http4k" value="PREVIEW" />
            <entry key="$USER_HOME$/Repos/Test/jira-test" value="PREVIEW" />
            <entry key="$USER_HOME$/Repos/Test/kbox" value="PREVIEW" />
            <entry key="$USER_HOME$/Repos/Test/kotlin-cli" value="PREVIEW" />
            <entry key="$USER_HOME$/Repos/Test/ktlint-gradle" value="PREVIEW" />
            <entry key="$USER_HOME$/Repos/Test/libvcs4j" value="PREVIEW" />
            <entry key="$USER_HOME$/Repos/Test/repa" value="PREVIEW" />
            <entry key="$USER_HOME$/Repos/Test/vcs-lib-test" value="PREVIEW" />
            <entry key="$USER_HOME$/Repos/antler" value="PREVIEW" />
            <entry key="$USER_HOME$/Repos/detekt-intellij-plugin" value="PREVIEW" />
            <entry key="$USER_HOME$/Repos/gred" value="PREVIEW" />
            <entry key="$USER_HOME$/Repos/kotlin-argparser" value="PREVIEW" />
            <entry key="$USER_HOME$/Repos/kotlinx.cli" value="PREVIEW" />
            <entry key="$USER_HOME$/Repos/kutils" value="PREVIEW" />
            <entry key="$USER_HOME$/Repos/libvcs4j" value="PREVIEW" />
            <entry key="$USER_HOME$/Repos/pk" value="PREVIEW" />
            <entry key="$USER_HOME$/Repos/pk/server" value="PREVIEW" />
            <entry key="$USER_HOME$/Repos/qab" value="PREVIEW" />
            <entry key="$USER_HOME$/exercism/kotlin/rna-transcription" value="PREVIEW" />
            <entry key="$USER_HOME$/master/projects/elasticsearch" value="PREVIEW" />
          </map>
        </option>
      </component>
      <component name="ProjectRootManager" version="2" languageLevel="JDK_1_3" />
      <component name="PropertiesComponent">
        <property name="settings.editor.selected.configurable" value="preferences.lookFeel" />
      </component>
      <component name="RunManager">
        <configuration default="true" type="Applet">
          <option name="POLICY_FILE" value="$APPLICATION_HOME_DIR$/bin/appletviewer.policy" />
          <method v="2">
            <option name="Make" enabled="true" />
          </method>
        </configuration>
        <configuration default="true" type="Application" factoryName="Application">
          <option name="WORKING_DIRECTORY" value="$PROJECT_DIR$" />
          <method v="2">
            <option name="Make" enabled="true" />
          </method>
        </configuration>
        <configuration default="true" type="JUnit" factoryName="JUnit">
          <option name="TEST_OBJECT" value="class" />
          <option name="WORKING_DIRECTORY" value="$MODULE_DIR$" />
          <method v="2">
            <option name="Make" enabled="true" />
          </method>
        </configuration>
        <configuration default="true" type="TestNG">
          <option name="TEST_OBJECT" value="CLASS" />
          <option name="WORKING_DIRECTORY" value="$MODULE_DIR$" />
          <properties />
          <listeners />
          <method v="2">
            <option name="Make" enabled="true" />
          </method>
        </configuration>
      </component>
      <component name="masterDetails">
        <states>
          <state key="ProjectJDKs.UI">
            <settings>
              <last-edited>1.8</last-edited>
              <splitter-proportions>
                <option name="proportions">
                  <list>
                    <option value="0.2" />
                  </list>
                </option>
              </splitter-proportions>
            </settings>
          </state>
        </states>
      </component>
    </defaultProject>
  </component>
</application>