<keymap version="1" name="Default copy" parent="$default">
  <action id="ActivityTracker-Popup">
    <keyboard-shortcut first-keystroke="shift ctrl alt o" />
  </action>
  <action id="Annotate">
    <keyboard-shortcut first-keystroke="alt period" second-keystroke="alt a" />
  </action>
  <action id="CodeHistoryMiningPopup">
    <keyboard-shortcut first-keystroke="shift alt h" />
  </action>
  <action id="CodeHistoryMiningRunScript">
    <keyboard-shortcut first-keystroke="shift alt e" />
  </action>
  <action id="ExternalSystem.AttachProject">
    <keyboard-shortcut first-keystroke="alt period" second-keystroke="alt e" />
  </action>
  <action id="ExternalSystem.RefreshAllProjects">
    <keyboard-shortcut first-keystroke="alt period" second-keystroke="alt g" />
  </action>
  <action id="ExternalSystem.RefreshProject">
    <keyboard-shortcut first-keystroke="alt period" second-keystroke="alt r" />
  </action>
  <action id="ExternalSystem.ToggleAutoImport">
    <keyboard-shortcut first-keystroke="alt period" second-keystroke="alt i" />
  </action>
</keymap>